segment_type,segment_value,rank,product_id,product_category_name_english,avg_review_score,avg_price,total_orders,positive_sentiment_ratio
global,all,1,aca2eb7d00ea1a7b8ebd4e68314663af,furniture_decor,4.0191,71.3641,527.0,0.2201
global,all,2,99a4788cb24856965c36a24e339b6058,bed_bath_table,3.9021,88.1671,488.0,0.2
global,all,3,422879e10f46682990de24d770e7f83d,garden_tools,3.9463,54.9116,484.0,0.1848
global,all,4,389d119b48cf3043d311335e499d9c6b,garden_tools,4.1131,54.6954,392.0,0.1531
global,all,5,368c6c730842d78016ad823897a372db,garden_tools,3.9227,54.2701,388.0,0.1841
global,all,6,53759a2ecddad2bb87a079a1f1519f73,garden_tools,3.8763,54.6574,373.0,0.1387
global,all,7,d1c427060a0f73f6b889a5c7c61f2ac4,computers_accessories,4.1941,137.6516,343.0,0.2041
global,all,8,53b36df67ebb7c41585e8d54d6772e08,watches_gifts,4.1906,116.6669,323.0,0.2012
global,all,9,154e7e31ebfa092203795c972e5804a6,health_beauty,4.3297,22.5096,281.0,0.169
global,all,10,3dd2a17168ec895c781a9191c1e95ad7,computers_accessories,4.2096,149.9365,274.0,0.2336
state,AC,1,b81a05d0dd312ece2140846909f5ef81,furniture_decor,5.0,79.9,6.0,0.0
state,AC,2,3a8bbcf3084a3e388588a1b43e188d81,computers_accessories,5.0,19.9,3.0,0.0
state,AC,3,42fffc68ff7e8176f11baaf4a4227557,health_beauty,5.0,184.9,3.0,0.0
state,AC,4,d696750e550fd0f733979dd7e5dff921,housewares,4.5263,172.9449,57.0,0.1754
state,AC,5,6cc859e89d080218ff4416539ffa030c,bed_bath_table,3.0,99.9,3.0,0.0
state,AC,6,108e01163b7588c7924ec8cb5ad81b63,sports_leisure,5.0,119.99,1.0,0.0
state,AC,7,1a06cc924ba852bef5a19bb5aefa4d6c,bed_bath_table,5.0,237.35,2.0,0.0
state,AC,8,39d927da9853bc98764f42316d02351f,sports_leisure,5.0,173.67,1.0,0.0
state,AC,9,46670e03948d0e1c2273c88899f27cc7,consoles_games,5.0,272.935,2.0,0.0
state,AC,10,73554174c2dccb01cade8d0ce976b791,perfumery,5.0,189.9,2.0,0.0
state,AL,1,6cdd53843498f92890544667809f1595,health_beauty,4.3072,350.8346,156.0,0.1731
state,AL,2,3dd2a17168ec895c781a9191c1e95ad7,computers_accessories,4.2096,149.9365,274.0,0.2336
state,AL,3,2b4609f8948be18874494203496bc318,health_beauty,4.0859,87.3739,260.0,0.1742
state,AL,4,aba86c093ccdbac75b09111d57e50004,office_furniture,3.9123,119.6351,57.0,0.4035
state,AL,5,43e9543be42b2a2db9d44f3ab4ddd8b7,computers_accessories,5.0,189.59,4.0,0.0
state,AL,6,422879e10f46682990de24d770e7f83d,garden_tools,3.9463,54.9116,484.0,0.1848
state,AL,7,3fbc0ef745950c7932d5f2a446189725,health_beauty,3.9103,65.75,150.0,0.1667
state,AL,8,b0f4447a9530af5f5bc2d17091704558,furniture_decor,1.0,139.9,4.0,0.0
state,AL,9,fa1faf99691e04a296f0f8d11c58ac24,furniture_decor,1.0,31.2,4.0,0.0
state,AL,10,154e7e31ebfa092203795c972e5804a6,health_beauty,4.3297,22.5096,281.0,0.169
state,AM,1,9226bd32a68934187cdb36243076ba99,health_beauty,1.0,42.3,4.0,0.0
state,AM,2,130482add9fd75ccb6c57ba007694a2d,computers_accessories,4.5102,105.0,49.0,0.2
state,AM,3,ae28fd7a149b08a60309551e235d56f4,health_beauty,4.0,43.89,5.0,0.2
state,AM,4,afdb06ebeca917512783bcbaa8ed28c0,auto,3.9167,135.0,12.0,0.1667
state,AM,5,3f14d740544f37ece8a9e7bc8349797e,computers_accessories,3.5795,84.9564,91.0,0.1739
state,AM,6,de480e3ae31eea2d2d97d694c43172fc,computers_accessories,4.8889,28.9,18.0,0.1111
state,AM,7,71a7800a633691de8ecdd17463335e2e,costruction_tools_garden,4.2727,66.5364,22.0,0.3636
state,AM,8,a39cc58c1b5926b6f9f378daa89f1315,home_construction,4.1429,150.28,35.0,0.0857
state,AM,9,ec2d43cc59763ec91694573b31f1c29a,bed_bath_table,4.0692,45.8914,131.0,0.1908
state,AM,10,b8c2cf7e813b0eb7ec62f7459217b22c,,3.6667,287.2667,3.0,0.0
state,AP,1,68d9c8a95d2b7cb57efe9e1e929bdd6a,fixed_telephony,4.0,39.99,5.0,1.0
state,AP,2,750a49a83f6ad13ccdf4a761309483f2,bed_bath_table,4.4286,89.9,7.0,0.0
state,AP,3,e46d3c8d60e3f8b382b6f239e5af08ac,computers_accessories,4.6667,679.12,3.0,0.3333
state,AP,4,d2b0f9cd5e31ed47dbf92b157c0cda96,sports_leisure,4.3333,200.82,10.0,0.2
state,AP,5,3dd2a17168ec895c781a9191c1e95ad7,computers_accessories,4.2096,149.9365,274.0,0.2336
state,AP,6,a92930c327948861c015c919a0bcb4a8,watches_gifts,3.8526,77.9688,160.0,0.25
state,AP,7,9750263daed3988ced39eeb2f1c12029,electronics,3.5,108.0833,6.0,0.0
state,AP,8,cf5407ad3a5c603fa46d5c2613661a09,pet_shop,3.4444,30.4556,9.0,0.3333
state,AP,9,272f828875d25e7c0a395cb6ce703bf3,garden_tools,5.0,29.99,1.0,0.0
state,AP,10,3ea30fb7b4c6d17f44c1594a713c224c,bed_bath_table,5.0,92.4,2.0,0.0
state,BA,1,3dd2a17168ec895c781a9191c1e95ad7,computers_accessories,4.2096,149.9365,274.0,0.2336
state,BA,2,d1c427060a0f73f6b889a5c7c61f2ac4,computers_accessories,4.1941,137.6516,343.0,0.2041
state,BA,3,53759a2ecddad2bb87a079a1f1519f73,garden_tools,3.8763,54.6574,373.0,0.1387
state,BA,4,53b36df67ebb7c41585e8d54d6772e08,watches_gifts,4.1906,116.6669,323.0,0.2012
state,BA,5,422879e10f46682990de24d770e7f83d,garden_tools,3.9463,54.9116,484.0,0.1848
state,BA,6,2b4609f8948be18874494203496bc318,health_beauty,4.0859,87.3739,260.0,0.1742
state,BA,7,368c6c730842d78016ad823897a372db,garden_tools,3.9227,54.2701,388.0,0.1841
state,BA,8,e7cc48a9daff5436f63d3aad9426f28b,telephony,3.5269,174.3656,93.0,0.4516
state,BA,9,389d119b48cf3043d311335e499d9c6b,garden_tools,4.1131,54.6954,392.0,0.1531
state,BA,10,d5991653e037ccb7af6ed7d94246b249,computers_accessories,3.9709,146.7167,103.0,0.2039
state,CE,1,bb50f2e236e5eea0100680137654686c,health_beauty,4.2205,327.6154,195.0,0.2359
state,CE,2,7c1bd920dbdf22470b68bde975dd3ccf,health_beauty,3.8616,60.029,231.0,0.1724
state,CE,3,4c2394abfbac7ff59ec7a420918562fa,health_beauty,3.7686,84.99,123.0,0.2114
state,CE,4,880be32f4db1d9f6e2bec38fb6ac23ab,toys,4.34,43.9739,99.0,0.12
state,CE,5,154e7e31ebfa092203795c972e5804a6,health_beauty,4.3297,22.5096,281.0,0.169
state,CE,6,389d119b48cf3043d311335e499d9c6b,garden_tools,4.1131,54.6954,392.0,0.1531
state,CE,7,2b4609f8948be18874494203496bc318,health_beauty,4.0859,87.3739,260.0,0.1742
state,CE,8,7a10781637204d8d10485c71a6108a2e,watches_gifts,4.0775,213.0594,143.0,0.1958
state,CE,9,461f43be3bdf8844e65b62d9ac2c7a5a,watches_gifts,3.986,141.0495,146.0,0.2055
state,CE,10,422879e10f46682990de24d770e7f83d,garden_tools,3.9463,54.9116,484.0,0.1848
state,DF,1,4c2394abfbac7ff59ec7a420918562fa,health_beauty,3.7686,84.99,123.0,0.2114
state,DF,2,3fbc0ef745950c7932d5f2a446189725,health_beauty,3.9103,65.75,150.0,0.1667
state,DF,3,aca2eb7d00ea1a7b8ebd4e68314663af,furniture_decor,4.0191,71.3641,527.0,0.2201
state,DF,4,99a4788cb24856965c36a24e339b6058,bed_bath_table,3.9021,88.1671,488.0,0.2
state,DF,5,3dd2a17168ec895c781a9191c1e95ad7,computers_accessories,4.2096,149.9365,274.0,0.2336
state,DF,6,19c91ef95d509ea33eda93495c4d3481,health_beauty,4.1161,121.0862,156.0,0.2357
state,DF,7,7c1bd920dbdf22470b68bde975dd3ccf,health_beauty,3.8616,60.029,231.0,0.1724
state,DF,8,5a848e4ab52fd5445cdc07aab1c40e48,,4.1179,122.99,197.0,0.2081
state,DF,9,70c1bce00b24bfd21332f7f8ebe2217f,housewares,5.0,13.5556,9.0,0.0
state,DF,10,8eb7b31149dc92903e213c9896443440,housewares,4.875,24.9,8.0,0.125
state,ES,1,422879e10f46682990de24d770e7f83d,garden_tools,3.9463,54.9116,484.0,0.1848
state,ES,2,d1c427060a0f73f6b889a5c7c61f2ac4,computers_accessories,4.1941,137.6516,343.0,0.2041
state,ES,3,53759a2ecddad2bb87a079a1f1519f73,garden_tools,3.8763,54.6574,373.0,0.1387
state,ES,4,368c6c730842d78016ad823897a372db,garden_tools,3.9227,54.2701,388.0,0.1841
state,ES,5,909b87db6cb3a7ab26bd03cc59860136,computers_accessories,3.9167,39.9722,36.0,0.4444
state,ES,6,a62e25e09e05e6faf31d90c6ec1aa3d1,watches_gifts,3.8578,106.4204,226.0,0.1814
state,ES,7,7a10781637204d8d10485c71a6108a2e,watches_gifts,4.0775,213.0594,143.0,0.1958
state,ES,8,7ce94ab189134e2d3c05f496d635419c,electronics,4.0566,13.65,106.0,0.1792
state,ES,9,e0d64dcfaa3b6db5c54ca298ae101d05,watches_gifts,3.7801,163.8496,194.0,0.1959
state,ES,10,3fbc0ef745950c7932d5f2a446189725,health_beauty,3.9103,65.75,150.0,0.1667
state,GO,1,9571759451b1d780ee7c15012ea109d4,auto,,98.7,20.0,0.0
state,GO,2,aca2eb7d00ea1a7b8ebd4e68314663af,furniture_decor,4.0191,71.3641,527.0,0.2201
state,GO,3,368c6c730842d78016ad823897a372db,garden_tools,3.9227,54.2701,388.0,0.1841
state,GO,4,37eb69aca8718e843d897aa7b82f462d,garden_tools,5.0,51.0,15.0,0.0
state,GO,5,53b36df67ebb7c41585e8d54d6772e08,watches_gifts,4.1906,116.6669,323.0,0.2012
state,GO,6,99a4788cb24856965c36a24e339b6058,bed_bath_table,3.9021,88.1671,488.0,0.2
state,GO,7,5a848e4ab52fd5445cdc07aab1c40e48,,4.1179,122.99,197.0,0.2081
state,GO,8,19c91ef95d509ea33eda93495c4d3481,health_beauty,4.1161,121.0862,156.0,0.2357
state,GO,9,389d119b48cf3043d311335e499d9c6b,garden_tools,4.1131,54.6954,392.0,0.1531
state,GO,10,32e18e89237933ebdaaebd78a27e7fa1,housewares,4.0,26.18,30.0,0.4667
state,MA,1,bb50f2e236e5eea0100680137654686c,health_beauty,4.2205,327.6154,195.0,0.2359
state,MA,2,389d119b48cf3043d311335e499d9c6b,garden_tools,4.1131,54.6954,392.0,0.1531
state,MA,3,d9894482fba41f536a273ba2276d951f,market_place,5.0,77.9,6.0,0.0
state,MA,4,3fbc0ef745950c7932d5f2a446189725,health_beauty,3.9103,65.75,150.0,0.1667
state,MA,5,ffaf0af7eebb57c7f262b51ebb05dfd6,health_beauty,3.2857,93.8486,14.0,0.0714
state,MA,6,90b58782fdd04cb829667fcc41fb65f5,office_furniture,3.2353,182.3429,17.0,0.0
state,MA,7,c706d50b57c9e83293c2586d01f32445,stationery,4.5652,49.99,23.0,0.2174
state,MA,8,154e7e31ebfa092203795c972e5804a6,health_beauty,4.3297,22.5096,281.0,0.169
state,MA,9,35557c68a22ecebcf066e25ca2ddc144,garden_tools,4.0,16.9,16.0,0.0
state,MA,10,165f86fe8b799a708a20ee4ba125c289,cool_stuff,3.8491,163.4946,109.0,0.1927
state,MG,1,d1c427060a0f73f6b889a5c7c61f2ac4,computers_accessories,4.1941,137.6516,343.0,0.2041
state,MG,2,389d119b48cf3043d311335e499d9c6b,garden_tools,4.1131,54.6954,392.0,0.1531
state,MG,3,99a4788cb24856965c36a24e339b6058,bed_bath_table,3.9021,88.1671,488.0,0.2
state,MG,4,422879e10f46682990de24d770e7f83d,garden_tools,3.9463,54.9116,484.0,0.1848
state,MG,5,3dd2a17168ec895c781a9191c1e95ad7,computers_accessories,4.2096,149.9365,274.0,0.2336
state,MG,6,362b773250263786dd58670d2df42c3b,sports_leisure,2.9178,51.8178,73.0,0.2055
state,MG,7,aca2eb7d00ea1a7b8ebd4e68314663af,furniture_decor,4.0191,71.3641,527.0,0.2201
state,MG,8,368c6c730842d78016ad823897a372db,garden_tools,3.9227,54.2701,388.0,0.1841
state,MG,9,53759a2ecddad2bb87a079a1f1519f73,garden_tools,3.8763,54.6574,373.0,0.1387
state,MG,10,c4baedd846ed09b85f78a781b522f126,garden_tools,4.2013,100.5975,149.0,0.2282
state,MS,1,154e7e31ebfa092203795c972e5804a6,health_beauty,4.3297,22.5096,281.0,0.169
state,MS,2,d1c427060a0f73f6b889a5c7c61f2ac4,computers_accessories,4.1941,137.6516,343.0,0.2041
state,MS,3,9ecadb84c81da840dbf3564378b586e9,furniture_decor,3.9792,36.1644,97.0,0.1959
state,MS,4,3bad4452b9bf0554748e82f3a4a5673c,construction_tools_construction,4.6154,95.2,13.0,0.2308
state,MS,5,aca2eb7d00ea1a7b8ebd4e68314663af,furniture_decor,4.0191,71.3641,527.0,0.2201
state,MS,6,43423cdffde7fda63d0414ed38c11a73,watches_gifts,3.6196,62.1535,93.0,0.172
state,MS,7,216bb0e0cd43ffd832e0973d35e0377e,construction_tools_lights,3.9459,45.4324,37.0,0.1892
state,MS,8,c6ea63369936552872ae890c82175b4b,bed_bath_table,4.3864,200.0398,44.0,0.2045
state,MS,9,cd48f265a63e13b762601f5f794c5fca,drinks,4.2366,49.2661,93.0,0.2473
state,MS,10,ec2d43cc59763ec91694573b31f1c29a,bed_bath_table,4.0692,45.8914,131.0,0.1908
state,MT,1,422879e10f46682990de24d770e7f83d,garden_tools,3.9463,54.9116,484.0,0.1848
state,MT,2,d1c427060a0f73f6b889a5c7c61f2ac4,computers_accessories,4.1941,137.6516,343.0,0.2041
state,MT,3,9ecadb84c81da840dbf3564378b586e9,furniture_decor,3.9792,36.1644,97.0,0.1959
state,MT,4,e251ebd2858be1aa7d9b2087a6992580,garden_tools,3.9362,116.5021,48.0,0.2083
state,MT,5,4e53a453045707bbc5febcf5f32097ac,computers_accessories,3.0,14.99,6.0,0.0
state,MT,6,43267ceb81c34b7d49decd624671ccfa,garden_tools,2.7778,166.2922,9.0,0.0
state,MT,7,12dc5e5d178b930cf87cf16e812fc2d5,perfumery,2.3333,10.6,12.0,0.0
state,MT,8,389d119b48cf3043d311335e499d9c6b,garden_tools,4.1131,54.6954,392.0,0.1531
state,MT,9,368c6c730842d78016ad823897a372db,garden_tools,3.9227,54.2701,388.0,0.1841
state,MT,10,a92930c327948861c015c919a0bcb4a8,watches_gifts,3.8526,77.9688,160.0,0.25
state,PA,1,bb50f2e236e5eea0100680137654686c,health_beauty,4.2205,327.6154,195.0,0.2359
state,PA,2,422879e10f46682990de24d770e7f83d,garden_tools,3.9463,54.9116,484.0,0.1848
state,PA,3,f3ccdb9f9c7f31e0efd626e9110b85f5,christmas_supplies,4.3333,116.9,9.0,0.2222
state,PA,4,368c6c730842d78016ad823897a372db,garden_tools,3.9227,54.2701,388.0,0.1841
state,PA,5,d1c427060a0f73f6b889a5c7c61f2ac4,computers_accessories,4.1941,137.6516,343.0,0.2041
state,PA,6,5a848e4ab52fd5445cdc07aab1c40e48,,4.1179,122.99,197.0,0.2081
state,PA,7,aca2eb7d00ea1a7b8ebd4e68314663af,furniture_decor,4.0191,71.3641,527.0,0.2201
state,PA,8,53759a2ecddad2bb87a079a1f1519f73,garden_tools,3.8763,54.6574,373.0,0.1387
state,PA,9,a62e25e09e05e6faf31d90c6ec1aa3d1,watches_gifts,3.8578,106.4204,226.0,0.1814
state,PA,10,154e7e31ebfa092203795c972e5804a6,health_beauty,4.3297,22.5096,281.0,0.169
state,PB,1,bb50f2e236e5eea0100680137654686c,health_beauty,4.2205,327.6154,195.0,0.2359
state,PB,2,bc3c6d2a621414f2e1df7a8a32a2828e,signaling_and_security,5.0,175.0,6.0,0.0
state,PB,3,38273c03eb0f88327f62c1d521260623,computers_accessories,4.7857,19.9,14.0,0.0
state,PB,4,56c221c4c1a4a98293895c4563cdc6bf,construction_tools_safety,3.9091,29.0,12.0,0.0
state,PB,5,6cdd53843498f92890544667809f1595,health_beauty,4.3072,350.8346,156.0,0.1731
state,PB,6,928e52a9ad53a294fdcc91bcf59d1751,housewares,3.5862,135.8333,60.0,0.1167
state,PB,7,72656ebe275ad87be8ac519170e4556b,sports_leisure,4.5,196.99,4.0,0.5
state,PB,8,3dd2a17168ec895c781a9191c1e95ad7,computers_accessories,4.2096,149.9365,274.0,0.2336
state,PB,9,461f43be3bdf8844e65b62d9ac2c7a5a,watches_gifts,3.986,141.0495,146.0,0.2055
state,PB,10,4c2394abfbac7ff59ec7a420918562fa,health_beauty,3.7686,84.99,123.0,0.2114
state,PE,1,6cdd53843498f92890544667809f1595,health_beauty,4.3072,350.8346,156.0,0.1731
state,PE,2,bb50f2e236e5eea0100680137654686c,health_beauty,4.2205,327.6154,195.0,0.2359
state,PE,3,422879e10f46682990de24d770e7f83d,garden_tools,3.9463,54.9116,484.0,0.1848
state,PE,4,7c1bd920dbdf22470b68bde975dd3ccf,health_beauty,3.8616,60.029,231.0,0.1724
state,PE,5,43423cdffde7fda63d0414ed38c11a73,watches_gifts,3.6196,62.1535,93.0,0.172
state,PE,6,3dd2a17168ec895c781a9191c1e95ad7,computers_accessories,4.2096,149.9365,274.0,0.2336
state,PE,7,53b36df67ebb7c41585e8d54d6772e08,watches_gifts,4.1906,116.6669,323.0,0.2012
state,PE,8,389d119b48cf3043d311335e499d9c6b,garden_tools,4.1131,54.6954,392.0,0.1531
state,PE,9,2b4609f8948be18874494203496bc318,health_beauty,4.0859,87.3739,260.0,0.1742
state,PE,10,ddceb6eef6af67e9fbbd4c148dbe5fd9,cool_stuff,4.42,212.3987,52.0,0.1731
state,PI,1,6cdd53843498f92890544667809f1595,health_beauty,4.3072,350.8346,156.0,0.1731
state,PI,2,3dd2a17168ec895c781a9191c1e95ad7,computers_accessories,4.2096,149.9365,274.0,0.2336
state,PI,3,30ac6df06dc59ad72cf2f158fc2d904c,housewares,3.9444,113.8545,55.0,0.2727
state,PI,4,a62e25e09e05e6faf31d90c6ec1aa3d1,watches_gifts,3.8578,106.4204,226.0,0.1814
state,PI,5,95320d70592f898880af9c3d5394728c,bed_bath_table,5.0,218.6,5.0,0.0
state,PI,6,601a360bd2a916ecef0e88de72a6531a,cool_stuff,4.2712,127.3934,119.0,0.1933
state,PI,7,958cf0f5527f413e08d0cde6bfdbdde2,auto,4.0,259.0,4.0,1.0
state,PI,8,c6cae2869a248cef27c00f3340ac90a6,furniture_decor,5.0,75.9,3.0,0.0
state,PI,9,fec8c282124bc6f504cbc6e9ec38450a,auto,5.0,599.0,3.0,0.0
state,PI,10,9959d419a0794c6464cd18c2d6dd23fe,furniture_decor,4.75,45.0,4.0,0.25
state,PR,1,a62e25e09e05e6faf31d90c6ec1aa3d1,watches_gifts,3.8578,106.4204,226.0,0.1814
state,PR,2,422879e10f46682990de24d770e7f83d,garden_tools,3.9463,54.9116,484.0,0.1848
state,PR,3,53759a2ecddad2bb87a079a1f1519f73,garden_tools,3.8763,54.6574,373.0,0.1387
state,PR,4,368c6c730842d78016ad823897a372db,garden_tools,3.9227,54.2701,388.0,0.1841
state,PR,5,aca2eb7d00ea1a7b8ebd4e68314663af,furniture_decor,4.0191,71.3641,527.0,0.2201
state,PR,6,b532349fe46b38fbc7bb3914c1bdae07,furniture_decor,3.5602,36.4622,169.0,0.0533
state,PR,7,154e7e31ebfa092203795c972e5804a6,health_beauty,4.3297,22.5096,281.0,0.169
state,PR,8,389d119b48cf3043d311335e499d9c6b,garden_tools,4.1131,54.6954,392.0,0.1531
state,PR,9,89b190a046022486c635022524a974a8,furniture_decor,4.75,65.49,20.0,0.25
state,PR,10,e53e557d5a159f5aa2c5e995dfdf244b,computers_accessories,3.4778,84.3675,183.0,0.1667
state,RJ,1,d1c427060a0f73f6b889a5c7c61f2ac4,computers_accessories,4.1941,137.6516,343.0,0.2041
state,RJ,2,53b36df67ebb7c41585e8d54d6772e08,watches_gifts,4.1906,116.6669,323.0,0.2012
state,RJ,3,422879e10f46682990de24d770e7f83d,garden_tools,3.9463,54.9116,484.0,0.1848
state,RJ,4,99a4788cb24856965c36a24e339b6058,bed_bath_table,3.9021,88.1671,488.0,0.2
state,RJ,5,53759a2ecddad2bb87a079a1f1519f73,garden_tools,3.8763,54.6574,373.0,0.1387
state,RJ,6,368c6c730842d78016ad823897a372db,garden_tools,3.9227,54.2701,388.0,0.1841
state,RJ,7,389d119b48cf3043d311335e499d9c6b,garden_tools,4.1131,54.6954,392.0,0.1531
state,RJ,8,aca2eb7d00ea1a7b8ebd4e68314663af,furniture_decor,4.0191,71.3641,527.0,0.2201
state,RJ,9,c4baedd846ed09b85f78a781b522f126,garden_tools,4.2013,100.5975,149.0,0.2282
state,RJ,10,52c80cedd4e90108bf4fa6a206ef6b03,garden_tools,4.1864,173.6912,118.0,0.1949
state,RN,1,480be8d20c4b6a7df1eae0f2c17f2db2,books_general_interest,5.0,34.0,9.0,0.0
state,RN,2,e5f3a09149ee7db697907f61e7366267,books_general_interest,4.8889,34.0,9.0,0.1111
state,RN,3,bb50f2e236e5eea0100680137654686c,health_beauty,4.2205,327.6154,195.0,0.2359
state,RN,4,c028e45b1d245ae576fcf069f68265ed,pet_shop,4.0,164.0,5.0,1.0
state,RN,5,431d674f9a4fbd0957ecf6ba3fcb6899,telephony,4.3208,279.593,53.0,0.2642
state,RN,6,53b36df67ebb7c41585e8d54d6772e08,watches_gifts,4.1906,116.6669,323.0,0.2012
state,RN,7,97017430754804328eb9597b7f85da03,telephony,4.1618,28.8306,69.0,0.1594
state,RN,8,389d119b48cf3043d311335e499d9c6b,garden_tools,4.1131,54.6954,392.0,0.1531
state,RN,9,0cfc9fea40ee0f7006d150fbdf3fa808,books_general_interest,5.0,34.0,3.0,0.0
state,RN,10,6cdd53843498f92890544667809f1595,health_beauty,4.3072,350.8346,156.0,0.1731
state,RO,1,c23381297fa734ea441a15d723199fb5,computers_accessories,2.8571,28.0,7.0,0.0
state,RO,2,6ff1fc9209c7854704a4f75c9fac41b4,agro_industry_and_commerce,4.8333,25.8333,6.0,0.1667
state,RO,3,99a4788cb24856965c36a24e339b6058,bed_bath_table,3.9021,88.1671,488.0,0.2
state,RO,4,84d0e98e468edffdfe4f1f5b178d4ecc,sports_leisure,2.6667,104.0,9.0,0.3333
state,RO,5,20ab1de6964467372e314a0e84d6719b,stationery,5.0,58.0,7.0,0.0
state,RO,6,caf1ca4c82e6ab734903a3407795f556,computers_accessories,4.5,104.5,4.0,0.0
state,RO,7,e891d4a9622cae3b9fc2ec558bda155b,,4.4545,27.0,11.0,0.2727
state,RO,8,880be32f4db1d9f6e2bec38fb6ac23ab,toys,4.34,43.9739,99.0,0.12
state,RO,9,3dd2a17168ec895c781a9191c1e95ad7,computers_accessories,4.2096,149.9365,274.0,0.2336
state,RO,10,104b9503ee57d0aa2cd3a6448f242636,costruction_tools_garden,4.2,47.348,5.0,0.2
state,RR,1,28e6a89f22da7a12c26de9eaac8631a2,furniture_decor,5.0,201.55,2.0,0.0
state,RR,2,3938defa878985e56e22db94bbdea2ff,sports_leisure,4.6667,202.5,6.0,0.3333
state,RR,3,ba92b5a0701d2f820ba6ca8f8c86294f,bed_bath_table,4.6667,259.9,6.0,0.3333
state,RR,4,5a848e4ab52fd5445cdc07aab1c40e48,,4.1179,122.99,197.0,0.2081
state,RR,5,7ce94ab189134e2d3c05f496d635419c,electronics,4.0566,13.65,106.0,0.1792
state,RR,6,1fe8e6e01596885617fa1c90d29c2f81,health_beauty,3.6364,83.9127,11.0,0.0
state,RR,7,6dab56beb5263f0d554cae5c55809208,health_beauty,3.6,29.65,6.0,0.1667
state,RR,8,77ff4f618d7c0d6b442ecdf5f02f6a74,sports_leisure,1.0,149.9,2.0,0.0
state,RR,9,1f0d72fdb89c51b0b2fb2dd7baa63a8a,home_appliances,5.0,125.19,2.0,0.0
state,RR,10,6f8c25b3c340c81759238ef485d78f23,furniture_decor,5.0,45.0,1.0,0.0
state,RS,1,422879e10f46682990de24d770e7f83d,garden_tools,3.9463,54.9116,484.0,0.1848
state,RS,2,aca2eb7d00ea1a7b8ebd4e68314663af,furniture_decor,4.0191,71.3641,527.0,0.2201
state,RS,3,99a4788cb24856965c36a24e339b6058,bed_bath_table,3.9021,88.1671,488.0,0.2
state,RS,4,368c6c730842d78016ad823897a372db,garden_tools,3.9227,54.2701,388.0,0.1841
state,RS,5,389d119b48cf3043d311335e499d9c6b,garden_tools,4.1131,54.6954,392.0,0.1531
state,RS,6,53759a2ecddad2bb87a079a1f1519f73,garden_tools,3.8763,54.6574,373.0,0.1387
state,RS,7,e7cc48a9daff5436f63d3aad9426f28b,telephony,3.5269,174.3656,93.0,0.4516
state,RS,8,5a848e4ab52fd5445cdc07aab1c40e48,,4.1179,122.99,197.0,0.2081
state,RS,9,c6dd917a0be2a704582055949915ab32,cool_stuff,4.2417,98.9035,120.0,0.2083
state,RS,10,656e0eca68dcecf6a31b8ececfabe3e8,computers_accessories,3.9716,88.4936,141.0,0.1773
state,SC,1,368c6c730842d78016ad823897a372db,garden_tools,3.9227,54.2701,388.0,0.1841
state,SC,2,389d119b48cf3043d311335e499d9c6b,garden_tools,4.1131,54.6954,392.0,0.1531
state,SC,3,aca2eb7d00ea1a7b8ebd4e68314663af,furniture_decor,4.0191,71.3641,527.0,0.2201
state,SC,4,5a848e4ab52fd5445cdc07aab1c40e48,,4.1179,122.99,197.0,0.2081
state,SC,5,53759a2ecddad2bb87a079a1f1519f73,garden_tools,3.8763,54.6574,373.0,0.1387
state,SC,6,154e7e31ebfa092203795c972e5804a6,health_beauty,4.3297,22.5096,281.0,0.169
state,SC,7,422879e10f46682990de24d770e7f83d,garden_tools,3.9463,54.9116,484.0,0.1848
state,SC,8,962a6951154f98f2c8e9a5b8b2bcf4a9,furniture_decor,3.6957,75.213,46.0,0.3043
state,SC,9,a62e25e09e05e6faf31d90c6ec1aa3d1,watches_gifts,3.8578,106.4204,226.0,0.1814
state,SC,10,04c4a4b9c924494fcf82e0fba966f955,watches_gifts,3.65,27.3452,21.0,0.1429
state,SE,1,6cdd53843498f92890544667809f1595,health_beauty,4.3072,350.8346,156.0,0.1731
state,SE,2,55979acc6e2155188d3a43d8afb0c7aa,garden_tools,3.0,66.38,8.0,0.0
state,SE,3,3dd2a17168ec895c781a9191c1e95ad7,computers_accessories,4.2096,149.9365,274.0,0.2336
state,SE,4,3a6b0b915f453650a8ff32d7872dbd6d,electronics,5.0,89.9,5.0,0.0
state,SE,5,422879e10f46682990de24d770e7f83d,garden_tools,3.9463,54.9116,484.0,0.1848
state,SE,6,aca2eb7d00ea1a7b8ebd4e68314663af,furniture_decor,4.0191,71.3641,527.0,0.2201
state,SE,7,5f504b3a1c75b73d6151be81eb05bdc9,cool_stuff,4.5556,598.9508,63.0,0.2063
state,SE,8,ee92961b88199a0d4329a6beca8f63da,sports_leisure,4.4286,39.9,7.0,0.0
state,SE,9,f1c7f353075ce59d8a6f3cf58f419c9c,bed_bath_table,4.3605,194.7881,154.0,0.2792
state,SE,10,b0961721fd839e9982420e807758a2a6,garden_tools,4.1508,57.7457,127.0,0.1811
state,SP,1,aca2eb7d00ea1a7b8ebd4e68314663af,furniture_decor,4.0191,71.3641,527.0,0.2201
state,SP,2,99a4788cb24856965c36a24e339b6058,bed_bath_table,3.9021,88.1671,488.0,0.2
state,SP,3,422879e10f46682990de24d770e7f83d,garden_tools,3.9463,54.9116,484.0,0.1848
state,SP,4,368c6c730842d78016ad823897a372db,garden_tools,3.9227,54.2701,388.0,0.1841
state,SP,5,389d119b48cf3043d311335e499d9c6b,garden_tools,4.1131,54.6954,392.0,0.1531
state,SP,6,53759a2ecddad2bb87a079a1f1519f73,garden_tools,3.8763,54.6574,373.0,0.1387
state,SP,7,154e7e31ebfa092203795c972e5804a6,health_beauty,4.3297,22.5096,281.0,0.169
state,SP,8,53b36df67ebb7c41585e8d54d6772e08,watches_gifts,4.1906,116.6669,323.0,0.2012
state,SP,9,e0cf79767c5b016251fe139915c59a26,health_beauty,4.4779,29.9,137.0,0.1168
state,SP,10,437c05a395e9e47f9762e677a7068ce7,health_beauty,4.1753,50.051,155.0,0.1677
state,TO,1,7c1ac37ea884ec9c46ebf155ffc53d50,health_beauty,5.0,40.16,6.0,0.0
state,TO,2,7a9cf133da2a6494259ffeeab11b6276,telephony,4.45,21.59,20.0,0.25
state,TO,3,601a360bd2a916ecef0e88de72a6531a,cool_stuff,4.2712,127.3934,119.0,0.1933
state,TO,4,b0961721fd839e9982420e807758a2a6,garden_tools,4.1508,57.7457,127.0,0.1811
state,TO,5,a62e25e09e05e6faf31d90c6ec1aa3d1,watches_gifts,3.8578,106.4204,226.0,0.1814
state,TO,6,21fb5057dd6a737df6851a7ab7a130da,furniture_decor,3.4615,61.6154,26.0,0.3077
state,TO,7,7e379a08c85d252d34cebabb06388698,toys,5.0,66.6267,3.0,0.0
state,TO,8,921a192e87274fd48d2e395b0a4facea,electronics,5.0,18.9,2.0,0.0
state,TO,9,95578be74a242e7a0eae084908bbb5f8,office_furniture,5.0,279.9,2.0,0.0
state,TO,10,6cbe4bd19efc4606eb2a9448a47e232e,consoles_games,4.5,38.9,8.0,0.25
category,agro_industry_and_commerce,1,11250b0d4b709fee92441c5f34122aed,agro_industry_and_commerce,4.7273,414.1364,22.0,0.2727
category,agro_industry_and_commerce,2,423a6644f0aa529e8828ff1f91003690,agro_industry_and_commerce,4.3333,446.8333,18.0,0.2222
category,agro_industry_and_commerce,3,672e757f331900b9deea127a2a7b79fd,agro_industry_and_commerce,4.0,405.0,17.0,0.5294
category,agro_industry_and_commerce,4,3bebad3cf2c8d1a8d3ce97174643e054,agro_industry_and_commerce,3.7143,20.3929,14.0,0.2143
category,agro_industry_and_commerce,5,a0fe1efb855f3e786f0650268cd77f44,agro_industry_and_commerce,3.8462,31.3746,13.0,0.3846
category,agro_industry_and_commerce,6,b5aebb467d9a92162173cbd234e00d99,agro_industry_and_commerce,4.8,35.0,10.0,0.2
category,agro_industry_and_commerce,7,980ecbcc15fe174ec1e5757c4d75b1bf,agro_industry_and_commerce,4.625,24.6875,8.0,0.375
category,agro_industry_and_commerce,8,16d096faa27582985f849f08370cf1ed,agro_industry_and_commerce,4.375,232.125,8.0,0.125
category,agro_industry_and_commerce,9,6ff1fc9209c7854704a4f75c9fac41b4,agro_industry_and_commerce,4.8333,25.8333,6.0,0.1667
category,agro_industry_and_commerce,10,c183fd5d2abf05873fa6e1014ed9e06c,agro_industry_and_commerce,1.0,989.1,6.0,0.0
category,air_conditioning,1,98e91d0f32954dcd8505875bb2b42cdb,air_conditioning,4.5294,59.9647,17.0,0.1176
category,air_conditioning,2,ccb162ed569f47d83f62aebd5700d7ad,air_conditioning,4.2308,139.0,13.0,0.1538
category,air_conditioning,3,0e34187d4312b97b5e698836d28ed040,air_conditioning,4.1818,199.3636,11.0,0.4545
category,air_conditioning,4,e932008cf0ea7c93a077dd8d7e5f49eb,air_conditioning,3.7,185.5,10.0,0.0
category,air_conditioning,5,f2a1b32f85cad59ff2a8444154ac25f0,air_conditioning,1.4444,190.0,9.0,0.0
category,air_conditioning,6,3fc00af0f0a8d4ac2933d3900416c977,air_conditioning,4.25,99.1238,8.0,0.125
category,air_conditioning,7,4a96de21ccfb22ebe1c56992acbbd7fc,air_conditioning,4.1429,107.9988,8.0,0.25
category,air_conditioning,8,a448325c57fbf792a2f6ac7d1b730917,air_conditioning,1.8333,187.9,7.0,0.1429
category,air_conditioning,9,cfd43c5e600d45ac029357406b05dd82,air_conditioning,5.0,149.9,6.0,0.0
category,air_conditioning,10,549356446db225e7f67b22ceaf66d159,air_conditioning,4.6667,227.3,6.0,0.3333
category,art,1,4fe644d766c7566dbc46fb851363cb3b,art,3.7547,100.9693,107.0,0.2336
category,art,2,bf359473d58e90d8fc29bf8f3d282ea9,art,5.0,46.2629,7.0,0.0
category,art,3,986700c98805af229ab7ad51b95fa356,art,1.0,36.9,7.0,0.0
category,art,4,538948f39142c635d3132846c820e211,art,4.8333,37.6667,6.0,0.1667
category,art,5,48633254f8b7b802b1ca8c4f4dcf3e33,art,4.5,46.9,6.0,0.5
category,art,6,cbf96c04205dc933b89e025748c2a057,art,5.0,97.5,5.0,0.0
category,art,7,d3d10495159bcc41173e3d26a273529a,art,4.0,48.65,5.0,0.2
category,art,8,f20135d2d37130bbd6a2a9fa2e501e8f,art,5.0,55.0,4.0,0.0
category,art,9,4c6aedb2bfbcb47f59db757dfc22c607,art,4.75,109.5,4.0,0.25
category,art,10,d727c091d4ce7f59b5e690ce0b58b1ea,art,4.5,57.0,4.0,0.0
category,arts_and_craftmanship,1,b9976e9c22fb1540bd71d1bcd2989475,arts_and_craftmanship,2.8,128.29,5.0,0.2
category,arts_and_craftmanship,2,43f224fb79bae5b22585eb868fe3b84b,arts_and_craftmanship,5.0,49.9,2.0,0.0
category,arts_and_craftmanship,3,08c5c3d471845327e913b52aded0caf3,arts_and_craftmanship,5.0,21.99,1.0,0.0
category,arts_and_craftmanship,4,189d6b9a380642d0ee2245277cc9b2f2,arts_and_craftmanship,5.0,39.9,1.0,0.0
category,arts_and_craftmanship,5,2b54fb9a4acf707537eb53eb2458c241,arts_and_craftmanship,5.0,57.9,1.0,0.0
category,arts_and_craftmanship,6,3a96bcbf644a5d390107570628568026,arts_and_craftmanship,5.0,19.8,1.0,0.0
category,arts_and_craftmanship,7,43506d2b6b5e0535079f88c7dc51c4de,arts_and_craftmanship,5.0,238.0,1.0,0.0
category,arts_and_craftmanship,8,4a24717893a6c8f3cfcf9843b8987d15,arts_and_craftmanship,5.0,25.0,1.0,0.0
category,arts_and_craftmanship,9,56a1efb30499b4dffd45c8d655199b11,arts_and_craftmanship,5.0,16.49,1.0,0.0
category,arts_and_craftmanship,10,5aa0d6ed4e6c0995d62090cd82cde89a,arts_and_craftmanship,5.0,11.9,1.0,0.0
category,audio,1,db5efde3ad0cc579b130d71c4b2db522,audio,3.7872,196.3704,48.0,0.1042
category,audio,2,a59fb60fddcc72a9878b7ed5cb69d8e4,audio,3.5,15.7889,45.0,0.2222
category,audio,3,7c4a8bec217df1de0df2b5aaf8175b65,audio,3.275,17.8,40.0,0.225
category,audio,4,dca8cbb1c9d8a2db0fbc0c36b8d1a7bc,audio,4.1034,86.2414,29.0,0.2069
category,audio,5,13db47eae724e2848e12b71a617a3a41,audio,3.5,499.7173,26.0,0.1154
category,audio,6,e6b6e13cf71449a457269f425b89dc74,audio,4.1429,94.6619,21.0,0.2857
category,audio,7,9bfc55df037ce3ac01bfd84781adf7e5,audio,4.75,590.1212,16.0,0.125
category,audio,8,6eb70dfb283dc3f645ed7b03c990dc72,audio,4.25,56.475,16.0,0.0625
category,audio,9,2669a9fe1aaf6cb29071f8f866014afc,audio,4.9,129.59,10.0,0.1
category,audio,10,17ad6786808ab3fedfb261a70a5932d6,audio,4.4,125.638,10.0,0.1
category,auto,1,4fcb3d9a5f4871e8362dfedbdb02b064,auto,4.3258,144.0371,89.0,0.1798
category,auto,2,a50acd33ba7a8da8e9db65094fa990a4,auto,4.0602,117.3,84.0,0.1905
category,auto,3,629e019a6f298a83aeecc7877964f935,auto,4.5616,111.4541,74.0,0.2432
category,auto,4,1613b819ab5dae53aead2dbb4ebdb378,auto,4.1176,28.1593,68.0,0.25
category,auto,5,f4f67ccaece962d013a4e1d7dc3a61f7,auto,4.4107,234.6393,56.0,0.1607
category,auto,6,4520766ec412348b8d4caa5e8a18c464,auto,4.1346,40.8921,53.0,0.2453
category,auto,7,3cb39171fd36c50097f2dedbbe0dfe6e,auto,3.8605,29.6249,43.0,0.2326
category,auto,8,98d61056e0568ba048e5d78038790e77,auto,4.4054,167.2211,38.0,0.1579
category,auto,9,dfb97c88e066dc22165f31648efe1312,auto,4.0571,139.0,35.0,0.1714
category,auto,10,1dec4c88c685d5a07bf01dcb0f8bf9f8,auto,2.7353,570.4286,35.0,0.0857
category,baby,1,cac9e5692471a0700418aa3400b9b2b1,baby,4.1818,112.4365,89.0,0.2697
category,baby,2,ea44caac707f7f1325182a538007f838,baby,3.8413,50.7619,63.0,0.2222
category,baby,3,8aa6223e400af9c97b07c75993142721,baby,4.125,175.7408,48.0,0.2708
category,baby,4,57e089e3103f5cda6a4ce23b77399bdb,baby,4.6279,52.1326,43.0,0.093
category,baby,5,a298a105818dce6878b787e4af6cff7d,baby,4.525,79.9,40.0,0.225
category,baby,6,83b00325c13c44245b2c3a2befa62a0e,baby,3.1795,157.939,39.0,0.2051
category,baby,7,af2d506fb01b724e03591349ad36b67e,baby,4.2895,48.9,38.0,0.2632
category,baby,8,25c38557cf793876c5abdd5931f922db,baby,2.6757,1023.8768,38.0,0.1316
category,baby,9,0cf41187284d7f099adc8415a743ebbd,baby,2.8857,35.9,35.0,0.0857
category,baby,10,7f4e034245e45549110139d1de248f83,baby,4.4412,48.9,34.0,0.0882
category,bed_bath_table,1,99a4788cb24856965c36a24e339b6058,bed_bath_table,3.9021,88.1671,488.0,0.2
category,bed_bath_table,2,f1c7f353075ce59d8a6f3cf58f419c9c,bed_bath_table,4.3605,194.7881,154.0,0.2792
category,bed_bath_table,3,06edb72f1e0c64b14c5b79353f7abea3,bed_bath_table,3.9716,40.7816,143.0,0.2014
category,bed_bath_table,4,ec2d43cc59763ec91694573b31f1c29a,bed_bath_table,4.0692,45.8914,131.0,0.1908
category,bed_bath_table,5,84f456958365164420cfc80fbe4c7fab,bed_bath_table,3.2991,92.8375,111.0,0.1982
category,bed_bath_table,6,777d2e438a1b645f3aec9bd57e92672c,bed_bath_table,4.0526,69.8702,94.0,0.2421
category,bed_bath_table,7,363218ba55c610b750224f90bdd34be1,bed_bath_table,4.4651,80.5038,86.0,0.1744
category,bed_bath_table,8,64fb265487de2238627ce43fe8a67efc,bed_bath_table,3.8919,91.2812,75.0,0.2133
category,bed_bath_table,9,2a2d22ae30e026f1893083c8405ca522,bed_bath_table,4.1972,142.15,70.0,0.2817
category,bed_bath_table,10,bd6e6fce9ada76ea2db0f1912e8e478f,bed_bath_table,3.9265,56.99,69.0,0.1739
category,books_general_interest,1,f35927953ed82e19d06ad3aac2f06353,books_general_interest,4.0877,114.7412,58.0,0.2069
category,books_general_interest,2,9d0bb30eed80184666c8acad23921283,books_general_interest,4.6111,19.95,19.0,0.1579
category,books_general_interest,3,1cc61b32763a4d816212b3507b6b6c59,books_general_interest,4.6364,524.9,11.0,0.1818
category,books_general_interest,4,095cb863f2b04911455ad33f5177062e,books_general_interest,4.4545,53.5364,11.0,0.3636
category,books_general_interest,5,179363fe9f0eee05ad34df83c160dbcf,books_general_interest,4.9,44.9,10.0,0.1
category,books_general_interest,6,480be8d20c4b6a7df1eae0f2c17f2db2,books_general_interest,5.0,34.0,9.0,0.0
category,books_general_interest,7,e5f3a09149ee7db697907f61e7366267,books_general_interest,4.8889,34.0,9.0,0.1111
category,books_general_interest,8,310b40ec41fbfc061e5309006482e68a,books_general_interest,4.6667,520.6778,9.0,0.0
category,books_general_interest,9,916bcfd7e756e0b65372da1378d1c125,books_general_interest,5.0,131.725,8.0,0.0
category,books_general_interest,10,d0b9d3d449a97f582b325f11b512bfd2,books_general_interest,4.375,121.9238,8.0,0.625
category,books_imported,1,68ad45d48d69404aeb71ce87e1b2c948,books_imported,5.0,59.89,8.0,0.0
category,books_imported,2,82d7b276f49e72ffce78d10b20518808,books_imported,4.1429,19.1329,7.0,0.2857
category,books_imported,3,98d893a81a1845b6f278f33eee0a4f36,books_imported,4.1429,77.0,7.0,0.2857
category,books_imported,4,7515ab3fc02c8f43b07e9451497fb13e,books_imported,5.0,74.0,4.0,0.0
category,books_imported,5,fde71f25e699ca0a2a83a6c3a249b816,books_imported,5.0,61.0,3.0,0.0
category,books_imported,6,0c787112ac1b5dce38f58d7feb8c23d7,books_imported,5.0,24.95,2.0,0.0
category,books_imported,7,59c2f10b8a2fb03ed30afa9bb77c9b9f,books_imported,5.0,130.0,2.0,0.0
category,books_imported,8,81fe540cb0119e1d4ef5f191701b3cb9,books_imported,5.0,63.0,2.0,0.0
category,books_imported,9,de8079863f52e090930c58a327e8c8e1,books_imported,5.0,105.0,2.0,0.0
category,books_imported,10,5b668636d65ddf4e4109c6d8fb13ea56,books_imported,1.0,44.99,2.0,0.0
category,books_technical,1,173e9fe34bfe97f3a5e6dc57fe897b74,books_technical,4.1628,57.8249,43.0,0.1395
category,books_technical,2,edd087ed331c3ce178ec3489b9ecf117,books_technical,5.0,288.6975,8.0,0.0
category,books_technical,3,d7a023eecac412d29d49735e9e9b629f,books_technical,5.0,25.0,7.0,0.0
category,books_technical,4,08bcc2d85da3a9c0e2ac1cc28b67418d,books_technical,4.4286,19.9,7.0,0.1429
category,books_technical,5,3bd016185be10ea4b4b2baa6e7dd9e9b,books_technical,4.0,35.0,7.0,0.0
category,books_technical,6,cdd914e78124a73cc28a165cfc4a0bbc,books_technical,5.0,93.99,6.0,0.0
category,books_technical,7,44feb28a74abb0f2f303412d60160750,books_technical,4.1667,132.3333,6.0,0.1667
category,books_technical,8,6d68112743e7ed2de3932554b033f544,books_technical,3.6,28.0,6.0,0.0
category,books_technical,9,652683d85a89f3b134e44989a601bc58,books_technical,4.6,38.22,5.0,0.4
category,books_technical,10,ffedbd68fa6f44e788ff6c2db8094715,books_technical,1.0,40.0,5.0,0.0
category,cds_dvds_musicals,1,1dceebcc5f23c02ea23e16d5bedca000,cds_dvds_musicals,4.6429,52.1429,14.0,0.2143
category,christmas_supplies,1,40e8b425d1a26e2d9cb77363523e05ce,christmas_supplies,3.9091,78.9909,22.0,0.1364
category,christmas_supplies,2,f59871b3d9da4c64cbe41ad3dd04dc14,christmas_supplies,3.6,12.7,10.0,0.2
category,christmas_supplies,3,f3ccdb9f9c7f31e0efd626e9110b85f5,christmas_supplies,4.3333,116.9,9.0,0.2222
category,christmas_supplies,4,1522589c64efd46731d3522568e5bc83,christmas_supplies,4.2857,35.0,7.0,0.4286
category,christmas_supplies,5,ac50a885bf3b6a817bf6a0a2f1e27af4,christmas_supplies,3.7143,19.83,7.0,0.4286
category,christmas_supplies,6,19fee5d5b066841b45bc3e97832fa654,christmas_supplies,5.0,11.64,6.0,0.0
category,christmas_supplies,7,ffc0b406806006602c5853b00ab5f7fd,christmas_supplies,4.1667,74.9,6.0,0.1667
category,christmas_supplies,8,dd72d83b749ec911396ef3337e00b633,christmas_supplies,1.6667,95.0,6.0,0.0
category,christmas_supplies,9,95d9994fadaf3720792cb0f1db17f782,christmas_supplies,4.8,58.9,5.0,0.2
category,christmas_supplies,10,ffef256879dbadcab7e77950f4f4a195,christmas_supplies,4.8,31.78,5.0,0.2
category,cine_photo,1,e988092a8afe5d9393a5c3a7ca17691c,cine_photo,4.8333,52.55,12.0,0.0
category,cine_photo,2,c3798d484fb730f0b5c23af0d5361595,cine_photo,4.7273,14.1,10.0,0.0909
category,cine_photo,3,1f5f0f003ce8595ad88fb215ec1409e6,cine_photo,3.3,99.762,10.0,0.0
category,cine_photo,4,88a1223b29fac4c3abef8d1369dbbaea,cine_photo,4.7143,64.7143,7.0,0.0
category,cine_photo,5,d55487f6b9833914549348cc2839f9e9,cine_photo,5.0,10.0,4.0,0.0
category,cine_photo,6,e0fddcd9bdfbff9df8a8228f6a6346d7,cine_photo,5.0,119.6667,3.0,0.0
category,cine_photo,7,c5f91783ab6cb187c7182b8e4b8c9047,cine_photo,4.0,162.3333,3.0,0.0
category,cine_photo,8,060f71666a632ac169814c0f1d715571,cine_photo,5.0,119.5,2.0,0.0
category,cine_photo,9,071b5dd29feece041c356d172474b113,cine_photo,3.0,53.99,2.0,0.0
category,cine_photo,10,099e24c2e32a0cd384859e0ea1a59cfb,cine_photo,5.0,94.9,1.0,0.0
category,computers,1,d6160fb7873f184099d9bc95e30376af,computers,4.5714,1397.124,35.0,0.1143
category,computers,2,a04087ab6a96ffa041f8a2701a72b616,computers,3.7083,631.4,25.0,0.04
category,computers,3,588531f8ec37e7d5ff5b7b22ea0488f8,computers,4.2632,1414.5995,20.0,0.1
category,computers,4,a5215a7a9f46c4185b12f38e9ddf2abc,computers,4.1176,1278.8176,17.0,0.2941
category,computers,5,bc4cd4da98dd128c39bf0b8c2674032f,computers,4.0,1264.6818,17.0,0.2941
category,computers,6,1f411e9a31196b71ed8438c8254b858e,computers,4.75,656.66,12.0,0.25
category,computers,7,1e5428c428e0f783acd6e3d94ba4ee2a,computers,4.25,599.0,8.0,0.25
category,computers,8,4e11734666acc305a4649de43f0bd181,computers,3.25,625.625,8.0,0.25
category,computers,9,caaa713799b547352795c831a14f1c3c,computers,4.5714,849.99,7.0,0.4286
category,computers,10,fb8c11da2e1b1634e879d1c3c6762dc2,computers,4.6667,850.0,6.0,0.3333
category,computers_accessories,1,d1c427060a0f73f6b889a5c7c61f2ac4,computers_accessories,4.1941,137.6516,343.0,0.2041
category,computers_accessories,2,3dd2a17168ec895c781a9191c1e95ad7,computers_accessories,4.2096,149.9365,274.0,0.2336
category,computers_accessories,3,e53e557d5a159f5aa2c5e995dfdf244b,computers_accessories,3.4778,84.3675,183.0,0.1667
category,computers_accessories,4,656e0eca68dcecf6a31b8ececfabe3e8,computers_accessories,3.9716,88.4936,141.0,0.1773
category,computers_accessories,5,36f60d45225e60c7da4558b070ce4b60,computers_accessories,3.3033,88.5115,127.0,0.1374
category,computers_accessories,6,d5991653e037ccb7af6ed7d94246b249,computers_accessories,3.9709,146.7167,103.0,0.2039
category,computers_accessories,7,3f14d740544f37ece8a9e7bc8349797e,computers_accessories,3.5795,84.9564,91.0,0.1739
category,computers_accessories,8,dbb67791e405873b259e4656bf971246,computers_accessories,3.8409,79.2656,88.0,0.1573
category,computers_accessories,9,4298b7e67dc399c200662b569563a2b2,computers_accessories,3.5778,141.8148,88.0,0.1868
category,computers_accessories,10,d04857e7b4b708ee8b8b9921163edba3,computers_accessories,4.2857,70.5852,84.0,0.2262
category,consoles_games,1,0aabfb375647d9738ad0f7b4ea3653b1,consoles_games,4.2057,24.0613,142.0,0.1761
category,consoles_games,2,6c3effec7c8ddba466d4f03f982c7aa3,consoles_games,3.8947,24.5773,97.0,0.2474
category,consoles_games,3,4deb009c36a910076a023947a7929201,consoles_games,3.625,51.1127,26.0,0.3462
category,consoles_games,4,2bd9b51a9ab079e095aca987845d3266,consoles_games,3.6,77.16,25.0,0.48
category,consoles_games,5,f39a8b27ce90ac582103bf36f09690dd,consoles_games,4.2083,332.75,24.0,0.125
category,consoles_games,6,fb01a5fc09b9b9563c2ee41a22f07d54,consoles_games,2.9545,697.1579,24.0,0.0833
category,consoles_games,7,f03859e4cc21018569f5ae7a03897ff4,consoles_games,4.6667,51.662,15.0,0.2
category,consoles_games,8,f102842fbe436027eeeb7fc76d3063aa,consoles_games,4.5,35.6692,13.0,0.1538
category,consoles_games,9,72a137b85d5a1d82cde242493f118f43,consoles_games,3.3077,32.0208,13.0,0.3077
category,consoles_games,10,f9a508234fed38c95437c5a16b847774,consoles_games,4.5833,69.0,12.0,0.0833
category,construction_tools_construction,1,7564c1759c04fc0a38f2aa84f7a370ee,construction_tools_construction,3.9302,44.1586,44.0,0.1818
category,construction_tools_construction,2,0da9ffd92214425d880de3f94e74ce39,construction_tools_construction,4.4118,107.0547,17.0,0.3529
category,construction_tools_construction,3,f5badee8a0e679f057ec0ca4f0f32dcb,construction_tools_construction,4.25,109.9,16.0,0.125
category,construction_tools_construction,4,779dd392d4fbe5ca656bf3ceabecbf0b,construction_tools_construction,4.125,132.9375,16.0,0.25
category,construction_tools_construction,5,ed00a8453145186b3f071f1e3edef33d,construction_tools_construction,3.1333,39.1,15.0,0.2667
category,construction_tools_construction,6,78f29023586e374cdc3773ce0af6bd2c,construction_tools_construction,4.6429,130.8771,14.0,0.2143
category,construction_tools_construction,7,3bad4452b9bf0554748e82f3a4a5673c,construction_tools_construction,4.6154,95.2,13.0,0.2308
category,construction_tools_construction,8,2722b86640ddc24e1374c2df1ac2a230,construction_tools_construction,4.3846,299.99,13.0,0.3077
category,construction_tools_construction,9,0dadef6ed70b861b14eddb3a3ca6b73e,construction_tools_construction,4.0,50.8,10.0,0.6
category,construction_tools_construction,10,b883409932bf862f43008f116a06cda5,construction_tools_construction,2.8889,165.0,9.0,0.1111
category,construction_tools_lights,1,a02d0123079f4ae96001ba2010d1a2df,construction_tools_lights,4.2,241.9643,56.0,0.2857
category,construction_tools_lights,2,349ce46a0e2e20054aa9d80c48af8816,construction_tools_lights,4.1429,150.4702,42.0,0.1667
category,construction_tools_lights,3,216bb0e0cd43ffd832e0973d35e0377e,construction_tools_lights,3.9459,45.4324,37.0,0.1892
category,construction_tools_lights,4,26b2a480ced2900a62bb9431133e95aa,construction_tools_lights,4.4,100.92,15.0,0.2
category,construction_tools_lights,5,783caabd539c4079ec08423e30719fba,construction_tools_lights,4.0833,32.1642,12.0,0.0833
category,construction_tools_lights,6,4316b712956314302c5d0aef9ed77c13,construction_tools_lights,5.0,29.9,8.0,0.0
category,construction_tools_lights,7,21af4f32f6f1cab0bb13d7563dc06e70,construction_tools_lights,2.5,43.3,8.0,0.0
category,construction_tools_lights,8,924c635d837c240da3956f3c28c1e6f4,construction_tools_lights,2.5,42.2857,7.0,0.0
category,construction_tools_lights,9,1fcbdcb14ed564faddf72bbcef855036,construction_tools_lights,5.0,49.99,5.0,0.0
category,construction_tools_lights,10,d9235fea02ba3f9fafcd78d898ac4355,construction_tools_lights,4.8,119.78,5.0,0.2
category,construction_tools_safety,1,82c51c3938503a4ddc096fbed86428d6,construction_tools_safety,4.125,99.0,24.0,0.375
category,construction_tools_safety,2,56c221c4c1a4a98293895c4563cdc6bf,construction_tools_safety,3.9091,29.0,12.0,0.0
category,construction_tools_safety,3,88ffcf27478318ba55b1f9d22d65ce97,construction_tools_safety,3.8571,40.8,7.0,0.2857
category,construction_tools_safety,4,3b473a6b1c280e0345e876648a61a032,construction_tools_safety,4.8333,204.95,6.0,0.1667
category,construction_tools_safety,5,3b91132e7eebaa17b615edbcdb5baa8e,construction_tools_safety,2.1667,144.075,6.0,0.1667
category,construction_tools_safety,6,24daadd871657fb36dacde66b92cf0ff,construction_tools_safety,5.0,379.0,5.0,0.0
category,construction_tools_safety,7,67217c43d81dea5a93bea48c23f4e156,construction_tools_safety,4.2,65.0,5.0,0.0
category,construction_tools_safety,8,6f4f2bb136fd2d8e8229355d8fec6b67,construction_tools_safety,3.2,379.94,5.0,0.2
category,construction_tools_safety,9,7d490fb7ec6eac63302590beef157c10,construction_tools_safety,3.2,382.98,5.0,0.2
category,construction_tools_safety,10,4fe43f61e04cd41cadc3bebf606fe77b,construction_tools_safety,4.75,134.6475,4.0,0.25
category,cool_stuff,1,c6dd917a0be2a704582055949915ab32,cool_stuff,4.2417,98.9035,120.0,0.2083
category,cool_stuff,2,601a360bd2a916ecef0e88de72a6531a,cool_stuff,4.2712,127.3934,119.0,0.1933
category,cool_stuff,3,54d9ac713e253fa1fae9c8003b011c2a,cool_stuff,4.3509,32.0746,114.0,0.2193
category,cool_stuff,4,165f86fe8b799a708a20ee4ba125c289,cool_stuff,3.8491,163.4946,109.0,0.1927
category,cool_stuff,5,29427de7f8a9ee983d9dbc51cec569b4,cool_stuff,4.2708,99.2541,97.0,0.1856
category,cool_stuff,6,ee406bf28024d97771c4b1e8b7e8e219,cool_stuff,4.1494,143.49,90.0,0.1111
category,cool_stuff,7,3354a4e684f5e7199f9407db70ccd92b,cool_stuff,4.25,90.4067,72.0,0.2778
category,cool_stuff,8,5f504b3a1c75b73d6151be81eb05bdc9,cool_stuff,4.5556,598.9508,63.0,0.2063
category,cool_stuff,9,e59dd207c69d86e890febadc796d1078,cool_stuff,3.7258,145.8608,62.0,0.2097
category,cool_stuff,10,ddceb6eef6af67e9fbbd4c148dbe5fd9,cool_stuff,4.42,212.3987,52.0,0.1731
category,costruction_tools_garden,1,71a7800a633691de8ecdd17463335e2e,costruction_tools_garden,4.2727,66.5364,22.0,0.3636
category,costruction_tools_garden,2,42749c525c90994bd3d4c74edf047172,costruction_tools_garden,4.1,198.0,10.0,0.3
category,costruction_tools_garden,3,84c79830527ae823029ee6b904cf948c,costruction_tools_garden,4.2222,34.1889,9.0,0.1111
category,costruction_tools_garden,4,0b01a9718a61dbdd35cfec9ad13a0301,costruction_tools_garden,5.0,40.8,7.0,0.0
category,costruction_tools_garden,5,4ce6c1b5cfe26c9f980438fc1c810f8d,costruction_tools_garden,5.0,255.0,6.0,0.0
category,costruction_tools_garden,6,5272c0e8bee8fadf0a2a23b5460da8c6,costruction_tools_garden,4.6667,16.0733,6.0,0.3333
category,costruction_tools_garden,7,39d4a8413d363755330d17445a28a76f,costruction_tools_garden,5.0,129.3,5.0,0.0
category,costruction_tools_garden,8,fde90f06296b26995fd0de6f16610d70,costruction_tools_garden,5.0,45.994,5.0,0.0
category,costruction_tools_garden,9,104b9503ee57d0aa2cd3a6448f242636,costruction_tools_garden,4.2,47.348,5.0,0.2
category,costruction_tools_garden,10,774ea72f37a7fbf1fb32b973a18f2348,costruction_tools_garden,3.8,144.9,5.0,0.0
category,costruction_tools_tools,1,5e53af05c040b01584b81b3549945faf,costruction_tools_tools,4.3529,30.1353,17.0,0.2941
category,costruction_tools_tools,2,e5f20b4eb944eaae0a13bed3187201d3,costruction_tools_tools,4.8182,92.99,11.0,0.1818
category,costruction_tools_tools,3,2c8e38b2b220b65a306d88444defb4fd,costruction_tools_tools,4.5714,30.209,10.0,0.3
category,costruction_tools_tools,4,d19c5ff1a4d4e8b0558536d57cf43cf7,costruction_tools_tools,4.3333,210.0,9.0,0.2222
category,costruction_tools_tools,5,04433a8021475a2002663f94203c88da,costruction_tools_tools,4.8571,45.9,7.0,0.1429
category,costruction_tools_tools,6,ba819ec203c9a9382f87d49898692520,costruction_tools_tools,5.0,30.75,4.0,0.0
category,costruction_tools_tools,7,4b7de4748108b5353b211255e867cf6a,costruction_tools_tools,4.75,729.0,4.0,0.25
category,costruction_tools_tools,8,5ddd4525c6d0fbca9dc118056fd90d61,costruction_tools_tools,5.0,309.0,3.0,0.0
category,costruction_tools_tools,9,c8eca123751676bbdaaa9e4a84721362,costruction_tools_tools,5.0,232.75,3.0,0.0
category,costruction_tools_tools,10,93201ae32ea7725876739ba9f0d2c851,costruction_tools_tools,5.0,199.9,2.0,0.0
category,diapers_and_hygiene,1,3fdb534dccf5bc9ab0406944b913787d,diapers_and_hygiene,2.2857,25.0,14.0,0.0
category,diapers_and_hygiene,2,8323a7adeb57da21acea7e83563bed90,diapers_and_hygiene,4.5,39.375,8.0,0.25
category,diapers_and_hygiene,3,3cc7ec95300ba6432c64f0b12673bae6,diapers_and_hygiene,4.3333,40.0,3.0,0.6667
category,diapers_and_hygiene,4,6e7f4ae007302e93c5610894712289bb,diapers_and_hygiene,3.3333,60.0,3.0,0.3333
category,diapers_and_hygiene,5,f83fd2b539bc73678c65be8d418be8c1,diapers_and_hygiene,1.0,38.0,3.0,0.0
category,diapers_and_hygiene,6,a9e010c9e4e10e358d3baf52bb920893,diapers_and_hygiene,4.0,30.0,2.0,0.0
category,diapers_and_hygiene,7,059ee207a4d5628c8aefe497c3d088f3,diapers_and_hygiene,5.0,43.0,1.0,0.0
category,diapers_and_hygiene,8,53e695484b71a194bf7d89b48700756a,diapers_and_hygiene,5.0,139.89,1.0,0.0
category,diapers_and_hygiene,9,5a92ef8a5a2511f0d2dff3ea562700ab,diapers_and_hygiene,5.0,45.0,1.0,0.0
category,diapers_and_hygiene,10,f3412532ea4da687eaa6943639812bc3,diapers_and_hygiene,5.0,134.9,1.0,0.0
category,drinks,1,cd48f265a63e13b762601f5f794c5fca,drinks,4.2366,49.2661,93.0,0.2473
category,drinks,2,ad2037645597db38527fe3afbe226af2,drinks,4.6957,48.0987,23.0,0.0435
category,drinks,3,d99526b1e4fa5f57b8bde34a7337b5ee,drinks,4.5714,58.5229,21.0,0.1429
category,drinks,4,8fa67e5cb309b9cd7b4438e15948bdb2,drinks,3.3158,12.5489,19.0,0.2105
category,drinks,5,211293b50935ced8d4370f552c482d74,drinks,3.7143,25.28,14.0,0.2143
category,drinks,6,ab40c45cb88545d5efa2679b30cec4c3,drinks,4.7143,15.2977,13.0,0.1538
category,drinks,7,0c9439abe84dc40a64fc164365c4d064,drinks,4.6667,284.99,12.0,0.0
category,drinks,8,157ee978f4fcdf8984b0bb33a6687fde,drinks,4.5833,34.25,12.0,0.25
category,drinks,9,17da5d80ea0eeabd565083183027d588,drinks,3.3333,55.2156,9.0,0.1111
category,drinks,10,839c9cd22f47fc465c20d554b46fed2c,drinks,3.75,20.8688,8.0,0.0
category,dvds_blu_ray,1,8ac47b3ab13c68f49f10dde899674149,dvds_blu_ray,4.2,83.99,5.0,0.2
category,dvds_blu_ray,2,d55d2479e56093f23ebcf313ceb3bcfe,dvds_blu_ray,2.5,39.99,4.0,0.5
category,dvds_blu_ray,3,133f594a246e5c52489304a4b5a39830,dvds_blu_ray,5.0,8.9,3.0,0.0
category,dvds_blu_ray,4,6f19f41a7c7ac7e45f4070d07ed80a75,dvds_blu_ray,4.3333,19.9,3.0,0.6667
category,dvds_blu_ray,5,2d31f67b1edd83be73d1448bc1f1a7c7,dvds_blu_ray,5.0,24.9,2.0,0.0
category,dvds_blu_ray,6,812b558694cd8e22f35f9d1bcfb549b5,dvds_blu_ray,4.5,19.9,2.0,0.5
category,dvds_blu_ray,7,c82cf18016c429035d415a45a1546652,dvds_blu_ray,4.5,19.9,2.0,0.5
category,dvds_blu_ray,8,47d52bb24ef8a3aa09724f00604be3ba,dvds_blu_ray,3.0,1420.0,2.0,0.0
category,dvds_blu_ray,9,ebad2408485504e930678ed1af88790f,dvds_blu_ray,2.5,19.9,2.0,0.5
category,dvds_blu_ray,10,0285a1295a18a4d37c11fa446d4c1345,dvds_blu_ray,5.0,19.9,1.0,0.0
category,electronics,1,7ce94ab189134e2d3c05f496d635419c,electronics,4.0566,13.65,106.0,0.1792
category,electronics,2,93c902b021a9e594f658ab1b0351602a,electronics,3.8732,100.1817,71.0,0.1127
category,electronics,3,ab1f9387c0627dd24000bfbc54fdeee0,electronics,4.3623,12.9006,69.0,0.1014
category,electronics,4,5d66715cc928aadd0074f61332698593,electronics,4.0625,19.7711,64.0,0.2344
category,electronics,5,6a8631b72a2f8729b91514db87e771c0,electronics,4.7097,26.6419,62.0,0.1935
category,electronics,6,bdc3291ab242ec1effc8eb0987850268,electronics,4.4783,27.8509,46.0,0.2609
category,electronics,7,35ebf08a93899d44e756809e11b14754,electronics,4.2667,16.3682,45.0,0.2
category,electronics,8,566a4f2c4385f36d15c00dfcaae132d1,electronics,3.8667,21.9,45.0,0.2889
category,electronics,9,dd0dcee76f9c12fff4bc0eb641d57c7f,electronics,4.0233,23.5672,43.0,0.2791
category,electronics,10,82e4ad16521ca131d95e198d507db370,electronics,3.9512,18.7571,42.0,0.2143
category,fashio_female_clothing,1,63cf4d771cba1d380af927afe5895d4b,fashio_female_clothing,3.75,33.115,8.0,0.75
category,fashio_female_clothing,2,bfa393df5b4494bea7158660999a921b,fashio_female_clothing,4.1667,30.8233,6.0,0.8333
category,fashio_female_clothing,3,6e02baf23db1455640241542c78be139,fashio_female_clothing,5.0,65.9,4.0,0.0
category,fashio_female_clothing,4,905b0c0ebfb5ea28af1b5cfb97bbbd27,fashio_female_clothing,5.0,54.9,2.0,0.0
category,fashio_female_clothing,5,e03f4e4044f06ae9349b2f891e614923,fashio_female_clothing,5.0,54.9,2.0,0.0
category,fashio_female_clothing,6,1f05dcc70c1a19407641eccea8ef3bdc,fashio_female_clothing,4.5,129.9,2.0,0.5
category,fashio_female_clothing,7,cfbf1eb673c7eba9e2f58d9375e902b1,fashio_female_clothing,3.5,49.0,2.0,0.0
category,fashio_female_clothing,8,c4cca1d23088d10099f52159878b6686,fashio_female_clothing,3.0,54.9,2.0,0.0
category,fashio_female_clothing,9,8b100f92b312e18e03f0ee8f0c0011bd,fashio_female_clothing,2.5,19.9,2.0,0.5
category,fashio_female_clothing,10,69530f4ebf4b017348e5f19323ab8a00,fashio_female_clothing,5.0,119.0,1.0,0.0
category,fashion_bags_accessories,1,d017a2151d543a9885604dc62a3d9dcc,fashion_bags_accessories,4.0643,49.0,140.0,0.2286
category,fashion_bags_accessories,2,1ec486885049bbb9b79351d150ed18c4,fashion_bags_accessories,4.4146,49.9,40.0,0.2683
category,fashion_bags_accessories,3,87283a98b24f9f1ac3a31b631073cf47,fashion_bags_accessories,4.4444,49.9,36.0,0.2222
category,fashion_bags_accessories,4,ccadfeab525a9eb1569983b66e5075c4,fashion_bags_accessories,4.1212,84.9375,32.0,0.2727
category,fashion_bags_accessories,5,44d097d59e8430f88a67517cd0c4f865,fashion_bags_accessories,4.4194,69.0,31.0,0.1613
category,fashion_bags_accessories,6,9fe172fa8e662ca8572cf12abf8bce23,fashion_bags_accessories,3.8387,49.9,31.0,0.2581
category,fashion_bags_accessories,7,f177b434709ecb652dbee4f4b19aef2f,fashion_bags_accessories,4.4348,29.5552,23.0,0.3913
category,fashion_bags_accessories,8,89e4362d74afa10ac57f8d67210132a6,fashion_bags_accessories,4.0435,94.9478,23.0,0.2609
category,fashion_bags_accessories,9,5d7c23067ed3fc8c6e699b9373d5890b,fashion_bags_accessories,3.5455,52.913,23.0,0.2609
category,fashion_bags_accessories,10,6c81db10f914c4d032b14fa93aa0a818,fashion_bags_accessories,4.5909,29.0809,22.0,0.2273
category,fashion_childrens_clothes,1,57bdf3098169cccdb62221bd3e089cbd,fashion_childrens_clothes,5.0,39.99,3.0,0.0
category,fashion_childrens_clothes,2,8cfc3506cedc0626364457d254429118,fashion_childrens_clothes,5.0,89.99,2.0,0.0
category,fashion_childrens_clothes,3,0ab3ab3b2869073aa9afe795fe9151aa,fashion_childrens_clothes,5.0,110.0,1.0,0.0
category,fashion_childrens_clothes,4,28ac6af4008a402e5039f3e042a36e13,fashion_childrens_clothes,5.0,110.0,1.0,0.0
category,fashion_childrens_clothes,5,2b18330ce86ae5c606250b75b499f370,fashion_childrens_clothes,1.0,49.9,1.0,0.0
category,fashion_male_clothing,1,e336c656869480e20d04ca9389b12167,fashion_male_clothing,4.0,59.9,13.0,0.0769
category,fashion_male_clothing,2,22656f41604127818c5984157e52bda8,fashion_male_clothing,3.0,119.9,6.0,0.0
category,fashion_male_clothing,3,dd231637766e756fd1cf2fd80501fce1,fashion_male_clothing,5.0,42.0,5.0,0.0
category,fashion_male_clothing,4,ce04dcb7aa96ad49d4933f3d4a9f8eb7,fashion_male_clothing,1.75,49.9,4.0,0.25
category,fashion_male_clothing,5,80a29790293a83b877cb353f5ae338e1,fashion_male_clothing,5.0,49.0,3.0,0.0
category,fashion_male_clothing,6,e80a0c4b0bb3f2f171f0fe8360513d90,fashion_male_clothing,4.0,36.6567,3.0,0.3333
category,fashion_male_clothing,7,e12569a1ad365c9f77fb1ae6d5de26e8,fashion_male_clothing,3.0,99.9,3.0,0.6667
category,fashion_male_clothing,8,660fc6f47144a19180d7309e37155f1e,fashion_male_clothing,5.0,129.99,2.0,0.0
category,fashion_male_clothing,9,66bd6e465a87926adb15dec604948867,fashion_male_clothing,5.0,24.9,2.0,0.0
category,fashion_male_clothing,10,ac4a3657d893bc4a404bed0131b265a5,fashion_male_clothing,4.5,29.99,2.0,0.5
category,fashion_shoes,1,ac5e164e2eda939ffa46593f90077f9a,fashion_shoes,4.8,31.3,10.0,0.2
category,fashion_shoes,2,a2c75a23c2f838881dd4275c0cec519f,fashion_shoes,4.4444,160.5422,9.0,0.0
category,fashion_shoes,3,002159fe700ed3521f46cfcf6e941c76,fashion_shoes,3.4286,202.325,8.0,0.375
category,fashion_shoes,4,f39288f58793ce5e6985b3f7832af88c,fashion_shoes,4.5,35.7333,6.0,0.0
category,fashion_shoes,5,34eb0685663d60e57a9ca086c8e33423,fashion_shoes,3.8333,203.2,6.0,0.1667
category,fashion_shoes,6,6fa96cbd1d917acb1ef4bc8040116105,fashion_shoes,5.0,203.9,5.0,0.0
category,fashion_shoes,7,ca92f5c2276bfd491db575cd9de5a70d,fashion_shoes,4.4,85.284,5.0,0.6
category,fashion_shoes,8,19fdf478915162331ece9adfd669b88e,fashion_shoes,4.5,75.09,4.0,0.5
category,fashion_shoes,9,cd3ec6ebbc74e6070297d45ca9dd62e9,fashion_shoes,4.0,83.36,4.0,0.0
category,fashion_shoes,10,1b4dee3e58cb87cb5a0acc54ea53db9d,fashion_shoes,5.0,85.54,3.0,0.0
category,fashion_sport,1,e8f7d2639ff8caa8b86e5973295898b7,fashion_sport,4.2,39.9,5.0,0.8
category,fashion_sport,2,a38e6346616a8f362c328b9537b1ca4d,fashion_sport,4.3333,59.9,3.0,0.0
category,fashion_sport,3,cc696680ea0cefcd5d7d5d928afb8de8,fashion_sport,3.3333,24.99,3.0,0.3333
category,fashion_sport,4,17636e3c15333148e25253db631a2d7d,fashion_sport,5.0,54.9,2.0,0.0
category,fashion_sport,5,e475b26e5db4c91fa1cd25927908eac2,fashion_sport,4.0,49.9,2.0,1.0
category,fashion_sport,6,700a315aa104dcf3ea345a850f746ec1,fashion_sport,3.0,193.4,2.0,0.0
category,fashion_sport,7,2c955308d12bcb61c241322c9d0390f9,fashion_sport,5.0,69.9,1.0,0.0
category,fashion_sport,8,3210c94e2542d988d724b0dd72234cdd,fashion_sport,5.0,89.9,1.0,0.0
category,fashion_sport,9,494822838e3883190a3b0834d5124c02,fashion_sport,5.0,89.9,1.0,0.0
category,fashion_sport,10,5f2ad53b751662e4c54dceffadb3804d,fashion_sport,5.0,59.9,1.0,0.0
category,fashion_underwear_beach,1,1de74e63d630007567726953a4eb2b36,fashion_underwear_beach,3.5833,79.0667,12.0,0.3333
category,fashion_underwear_beach,2,a70d74f54feefedd8108c45553766340,fashion_underwear_beach,4.0,49.9,11.0,0.2727
category,fashion_underwear_beach,3,a662d99595c3b6054702480cb7382afe,fashion_underwear_beach,4.25,59.9,8.0,0.25
category,fashion_underwear_beach,4,7932fcce65e2aee84d6feb4a288f9cb9,fashion_underwear_beach,3.75,5.9,8.0,0.75
category,fashion_underwear_beach,5,fa8485bc54eaad5b218cd8081c859568,fashion_underwear_beach,5.0,3.9,7.0,0.0
category,fashion_underwear_beach,6,b73091f98b819cf7a339f74ece86aa4b,fashion_underwear_beach,3.5,59.9,7.0,0.1429
category,fashion_underwear_beach,7,ce149636a055d9eded4cde55da9ebd3b,fashion_underwear_beach,4.8333,59.9,6.0,0.1667
category,fashion_underwear_beach,8,fa1016994ec2803636ffb1018e33cf5b,fashion_underwear_beach,4.4,59.9,5.0,0.2
category,fashion_underwear_beach,9,3a3f0628722b2f548673a2f7f5fa5605,fashion_underwear_beach,3.8,155.0,5.0,0.0
category,fashion_underwear_beach,10,cf944645d4ff2a3eed3ae17f641ea861,fashion_underwear_beach,5.0,49.9,3.0,0.0
category,fixed_telephony,1,913580fde3e72c3b3e4ce0b79963bee6,fixed_telephony,4.0,11.1533,18.0,0.2222
category,fixed_telephony,2,b4f9530c931398e215242293c2c8ba4c,fixed_telephony,3.5,72.8571,14.0,0.2143
category,fixed_telephony,3,4633dfeb3a2588bdb52af32d504b44eb,fixed_telephony,4.1667,21.6417,12.0,0.3333
category,fixed_telephony,4,db51982bc43b26164c29605b8ed140d6,fixed_telephony,4.2727,32.99,11.0,0.0
category,fixed_telephony,5,f07ef9dd6e2d9a366ff30a25e210be70,fixed_telephony,3.4,137.29,10.0,0.0
category,fixed_telephony,6,5769ef0a239114ac3a854af00df129e4,fixed_telephony,1.0,1680.0,8.0,0.0
category,fixed_telephony,7,193d170dd2f6849cf0cb92791a6a623b,fixed_telephony,4.7143,43.4271,7.0,0.0
category,fixed_telephony,8,1454b29e83ab2f8bf6b4102736498ff5,fixed_telephony,1.8571,125.0,7.0,0.2857
category,fixed_telephony,9,2ace3826b9a1b13030adc77ae9ae7902,fixed_telephony,5.0,33.0,6.0,0.0
category,fixed_telephony,10,665adf6cc6e09e6a770ba182ea6a50f1,fixed_telephony,4.8333,256.0,6.0,0.1667
category,flowers,1,7620a27f1d6747511f1c6f0ddb63c0ef,flowers,4.9,25.465,10.0,0.1
category,flowers,2,065554bfe0244b9f5f6414f332106a21,flowers,5.0,54.45,4.0,0.0
category,flowers,3,e89607ddfcf953bc7a85adaca52e122a,flowers,5.0,16.6,4.0,0.0
category,flowers,4,5fd35bd0069ce2a404716901326b1336,flowers,3.0,21.6,3.0,0.6667
category,flowers,5,74356542db3483a78a8ba69f5b7ea094,flowers,4.0,59.9,2.0,0.0
category,flowers,6,be0e6c61c2bcdd9a4d022ba67fd66189,flowers,2.5,64.9,2.0,0.5
category,flowers,7,3104dbf304c25fa1812a11ad924f8b57,flowers,5.0,49.9,1.0,0.0
category,flowers,8,4a3ffd5293869f4b85d163eb3b4d0faa,flowers,5.0,17.99,1.0,0.0
category,flowers,9,57646b730d659bc73d8193fc5131014b,flowers,5.0,52.5,1.0,0.0
category,flowers,10,94656ce34a307d26e23011bb25148c9e,flowers,5.0,31.2,1.0,0.0
category,food,1,89321f94e35fc6d7903d36f74e351d40,food,3.9829,28.3673,119.0,0.2689
category,food,2,ed2067a9c1f79553088a3c67b99a9f97,food,4.52,57.9545,55.0,0.2545
category,food,3,73326828aa5efe1ba096223de496f596,food,4.8333,82.6115,54.0,0.0926
category,food,4,d493f5a208254fe85b3ab55d898461a1,food,3.1667,20.1558,24.0,0.0417
category,food,5,f0c1c1d5ec61ce4c4846abd4283631df,food,4.2778,57.7333,18.0,0.2778
category,food,6,33202a8e7a645388c41ed714203d7131,food,4.4118,149.9,17.0,0.1176
category,food,7,ab1106e227a745836a0dc83b374e2575,food,4.3125,20.9688,16.0,0.3125
category,food,8,092be1e8336fc404c57bd5970d056886,food,4.0,67.5715,13.0,0.0769
category,food,9,45a6892a98568b366b52ffeec9a03691,food,2.7778,35.1322,9.0,0.0
category,food,10,fd0c762860528d119344e1377b574fc5,food,5.0,49.7143,7.0,0.0
category,food_drink,1,84f5c4f480ad6c9998d6a6860f1a2e41,food_drink,4.1667,41.165,24.0,0.3333
category,food_drink,2,ec96b7b4e1401281edb9465d0d689cae,food_drink,3.4706,37.0488,17.0,0.0
category,food_drink,3,54b755678728b84472c2b654ac4de777,food_drink,4.7857,48.0779,14.0,0.2143
category,food_drink,4,42eb5329dd0ee3d76d135ce04c84451b,food_drink,4.6923,28.8,13.0,0.0
category,food_drink,5,992197904e1d4f0bf3994652373188e4,food_drink,4.75,215.56,12.0,0.25
category,food_drink,6,90f97298579cd20412fdcc9b7a2d4b6b,food_drink,4.1818,122.5455,11.0,0.2727
category,food_drink,7,a54244559e62c8ef2939e52189d65d4c,food_drink,3.8,55.296,10.0,0.4
category,food_drink,8,7edfb4c96d69a75d28b973bdc2dbcfaf,food_drink,5.0,13.6329,7.0,0.0
category,food_drink,9,1b28df0b54809d40f2bd2f2218c601a2,food_drink,4.2857,60.0,7.0,0.1429
category,food_drink,10,37eab73447adec63c01f2cebf76afd9e,food_drink,5.0,21.0,6.0,0.0
category,furniture_bedroom,1,4f18ca9862f511ecba98258b2194d061,furniture_bedroom,3.3636,90.9091,11.0,0.0
category,furniture_bedroom,2,0e2d52789a024cfd6f9204778320a8e5,furniture_bedroom,5.0,219.75,8.0,0.0
category,furniture_bedroom,3,0296dd002a346e3bbdda4e0bc48a5073,furniture_bedroom,4.75,505.0,8.0,0.25
category,furniture_bedroom,4,0b814a3c8fa6dbb849df7c28c1bd6831,furniture_bedroom,3.875,175.0,8.0,0.125
category,furniture_bedroom,5,aff39c649de8c4e36d325880de8f4338,furniture_bedroom,4.8571,180.7143,7.0,0.1429
category,furniture_bedroom,6,428f4b96ba9f630e761b333673039ae6,furniture_bedroom,4.1667,176.2667,6.0,0.0
category,furniture_bedroom,7,d373a9b9079c251371e94cacf40c1fe7,furniture_bedroom,2.8,287.0,5.0,0.4
category,furniture_bedroom,8,d8c365a069853295a82caf595c2c8c8d,furniture_bedroom,5.0,9.9,4.0,0.0
category,furniture_bedroom,9,2edc5e6012ad882462d116ed5a9e3085,furniture_bedroom,4.75,99.9,4.0,0.25
category,furniture_bedroom,10,1b0fb6d6a05121d4b76a49f44c2c427b,furniture_bedroom,3.0,199.0,3.0,0.6667
category,furniture_decor,1,aca2eb7d00ea1a7b8ebd4e68314663af,furniture_decor,4.0191,71.3641,527.0,0.2201
category,furniture_decor,2,b532349fe46b38fbc7bb3914c1bdae07,furniture_decor,3.5602,36.4622,169.0,0.0533
category,furniture_decor,3,78efe838c04bbc568be034082200ac20,furniture_decor,4.3762,95.5069,101.0,0.1881
category,furniture_decor,4,9ecadb84c81da840dbf3564378b586e9,furniture_decor,3.9792,36.1644,97.0,0.1959
category,furniture_decor,5,eb8c629f70275fd1c4f809116cce1efc,furniture_decor,3.6667,36.5617,95.0,0.2737
category,furniture_decor,6,7814c273ab16783d73a9863ebfa8b141,furniture_decor,4.0,238.2581,62.0,0.1935
category,furniture_decor,7,a19b6951c75da43aad691622dd2f6abe,furniture_decor,3.8889,35.448,60.0,0.1905
category,furniture_decor,8,764292b2b0f73f77a0272be03fdd45f3,furniture_decor,4.1379,91.3035,57.0,0.1724
category,furniture_decor,9,c857b96593773e940454e76efa8eabb3,furniture_decor,3.7647,53.9268,53.0,0.1321
category,furniture_decor,10,c7fd13b5e515bffdab855d0812842edb,furniture_decor,4.0962,68.8433,52.0,0.3654
category,furniture_living_room,1,2ff995aead9c63a1f37a07b3664ead37,furniture_living_room,4.0952,74.1586,42.0,0.2619
category,furniture_living_room,2,c94d19d021d4a8fbae5a45f904aeea90,furniture_living_room,3.6429,108.0134,29.0,0.1379
category,furniture_living_room,3,58efb9b638561ce132216a9a612513e2,furniture_living_room,3.5,105.9767,24.0,0.4167
category,furniture_living_room,4,1b8ee158f59c098470fad33f39660964,furniture_living_room,4.7143,139.7095,21.0,0.0952
category,furniture_living_room,5,196616257eff8bc851dc4fc041cbbbe9,furniture_living_room,4.4667,108.442,15.0,0.3333
category,furniture_living_room,6,e27c4dd075a521097a085bced0631ce7,furniture_living_room,3.8182,106.805,12.0,0.4167
category,furniture_living_room,7,591c08a1d9290193bd96d8c9e6e607ac,furniture_living_room,4.7,103.974,10.0,0.1
category,furniture_living_room,8,21d2fdced5c69bfc6539b67908a4ad28,furniture_living_room,4.0,177.19,10.0,0.2
category,furniture_living_room,9,e85cdca8790ea0026ddf7316f469608a,furniture_living_room,3.8,56.19,10.0,0.4
category,furniture_living_room,10,76914818a87f9b6b320e136e17e6ae06,furniture_living_room,4.0,324.3744,9.0,0.1111
category,furniture_mattress_and_upholstery,1,726b4e18f00255e2e63491bcba3f60b8,furniture_mattress_and_upholstery,4.2381,84.5455,22.0,0.1818
category,furniture_mattress_and_upholstery,2,f4b3b257580c1430e51d71dd731273c2,furniture_mattress_and_upholstery,2.6667,109.4,4.0,0.25
category,furniture_mattress_and_upholstery,3,ed5783fe4b2194c66043e77b648ff4cb,furniture_mattress_and_upholstery,4.6667,86.5,3.0,0.3333
category,furniture_mattress_and_upholstery,4,5f5d009b0eed255c950e16ccad915ff7,furniture_mattress_and_upholstery,2.0,44.7,3.0,0.0
category,furniture_mattress_and_upholstery,5,dc36a7859b743d8610a2bbbaea26ece9,furniture_mattress_and_upholstery,5.0,249.0,1.0,0.0
category,furniture_mattress_and_upholstery,6,107fde0930956120d1e13dd1062fbb46,furniture_mattress_and_upholstery,4.0,399.99,1.0,1.0
category,furniture_mattress_and_upholstery,7,af87aa3f5f2c05c8c4db6bee2088672b,furniture_mattress_and_upholstery,4.0,399.99,1.0,1.0
category,furniture_mattress_and_upholstery,8,13b25797ad1e6d6c7cd3cbeb35f8ee7a,furniture_mattress_and_upholstery,3.0,129.9,1.0,0.0
category,furniture_mattress_and_upholstery,9,c3d08bab8c7c6d9cc1f6cfb5a465c80b,furniture_mattress_and_upholstery,1.0,249.0,1.0,0.0
category,furniture_mattress_and_upholstery,10,eaa3fffe22b0b5efe02db64ab9d3bf84,furniture_mattress_and_upholstery,,249.0,1.0,0.0
category,garden_tools,1,422879e10f46682990de24d770e7f83d,garden_tools,3.9463,54.9116,484.0,0.1848
category,garden_tools,2,389d119b48cf3043d311335e499d9c6b,garden_tools,4.1131,54.6954,392.0,0.1531
category,garden_tools,3,368c6c730842d78016ad823897a372db,garden_tools,3.9227,54.2701,388.0,0.1841
category,garden_tools,4,53759a2ecddad2bb87a079a1f1519f73,garden_tools,3.8763,54.6574,373.0,0.1387
category,garden_tools,5,c4baedd846ed09b85f78a781b522f126,garden_tools,4.2013,100.5975,149.0,0.2282
category,garden_tools,6,8c591ab0ca519558779df02023177f44,garden_tools,4.1348,102.7811,141.0,0.2837
category,garden_tools,7,b0961721fd839e9982420e807758a2a6,garden_tools,4.1508,57.7457,127.0,0.1811
category,garden_tools,8,52c80cedd4e90108bf4fa6a206ef6b03,garden_tools,4.1864,173.6912,118.0,0.1949
category,garden_tools,9,0bcc3eeca39e1064258aa1e932269894,garden_tools,4.0776,54.0948,115.0,0.181
category,garden_tools,10,08574b074924071f4e201e151b152b4e,garden_tools,4.0179,95.215,113.0,0.2212
category,health_beauty,1,154e7e31ebfa092203795c972e5804a6,health_beauty,4.3297,22.5096,281.0,0.169
category,health_beauty,2,2b4609f8948be18874494203496bc318,health_beauty,4.0859,87.3739,260.0,0.1742
category,health_beauty,3,7c1bd920dbdf22470b68bde975dd3ccf,health_beauty,3.8616,60.029,231.0,0.1724
category,health_beauty,4,bb50f2e236e5eea0100680137654686c,health_beauty,4.2205,327.6154,195.0,0.2359
category,health_beauty,5,6cdd53843498f92890544667809f1595,health_beauty,4.3072,350.8346,156.0,0.1731
category,health_beauty,6,19c91ef95d509ea33eda93495c4d3481,health_beauty,4.1161,121.0862,156.0,0.2357
category,health_beauty,7,437c05a395e9e47f9762e677a7068ce7,health_beauty,4.1753,50.051,155.0,0.1677
category,health_beauty,8,3fbc0ef745950c7932d5f2a446189725,health_beauty,3.9103,65.75,150.0,0.1667
category,health_beauty,9,e0cf79767c5b016251fe139915c59a26,health_beauty,4.4779,29.9,137.0,0.1168
category,health_beauty,10,4c2394abfbac7ff59ec7a420918562fa,health_beauty,3.7686,84.99,123.0,0.2114
category,home_appliances,1,be837f2e0152a208d4386f4126d5bd7c,home_appliances,4.3611,32.8167,36.0,0.1389
category,home_appliances,2,e5eadf9be70a4a9fa514019542fc330a,home_appliances,4.2,69.9,36.0,0.1892
category,home_appliances,3,b30d7b0adcdc4a117f455472548155ec,home_appliances,4.7333,118.426,15.0,0.2667
category,home_appliances,4,50d77758742285ff49f340ebdf0df5a7,home_appliances,4.4667,26.52,15.0,0.1176
category,home_appliances,5,a1f7dace2a9af48dd48428c12001dc09,home_appliances,3.7273,49.4445,11.0,0.3636
category,home_appliances,6,f083f237cbf95dd0a5185e902f385dd5,home_appliances,4.8,17.495,10.0,0.2
category,home_appliances,7,9c5cec867c62c0ec4674b002eb1c3e0c,home_appliances,4.7,1054.0,10.0,0.2727
category,home_appliances,8,ab5da1daa941470d14366f4e76a99dd2,home_appliances,4.4,26.0,10.0,0.1818
category,home_appliances,9,1347d4320dcd0acd750e37bb3d94a918,home_appliances,4.3,129.99,10.0,0.3
category,home_appliances,10,43944a8f8f0b7ae86b6c3d3c2f257375,home_appliances,4.2,699.0,10.0,0.2
category,home_appliances_2,1,f27aff266ad97e75d4a24c893b2c311e,home_appliances_2,4.3846,775.0,13.0,0.3077
category,home_appliances_2,2,2d063994ae4667cff3d6841e9d441d1d,home_appliances_2,4.8182,106.3536,11.0,0.1818
category,home_appliances_2,3,7fe486a60125c1541517e30944f95066,home_appliances_2,4.3,168.59,10.0,0.1
category,home_appliances_2,4,99c97d191bcc87e072acc4521bce44d4,home_appliances_2,4.875,450.5,8.0,0.125
category,home_appliances_2,5,c3182d1991c7d4859e8f39b6c45a026b,home_appliances_2,4.75,17.24,8.0,0.25
category,home_appliances_2,6,87feb07adc221a4c6cdf051ea1afd0ff,home_appliances_2,4.8571,2110.0,7.0,0.1429
category,home_appliances_2,7,ba230fc7bcaa2f503c46d73098caeb66,home_appliances_2,4.1429,229.99,7.0,0.2857
category,home_appliances_2,8,e5d860a0fff2e94bd1a406456cc6c4b3,home_appliances_2,4.0,206.5286,7.0,0.2857
category,home_appliances_2,9,418b40c9e83b7e5ac79e4a7ef975ebbe,home_appliances_2,3.0,159.0,7.0,0.4286
category,home_appliances_2,10,c8c073a1cae6a98799d7581958ede514,home_appliances_2,4.6667,528.5833,6.0,0.3333
category,home_comfort_2,1,ec5b3c8bb77ad22278f6e9d719a83de3,home_comfort_2,3.3913,12.9,26.0,0.1538
category,home_comfort_2,2,15dc5bc6f0f1e1a0d0255098726060c7,home_comfort_2,5.0,34.99,1.0,0.0
category,home_comfort_2,3,19de58ea609a59ce31f93672af50c09a,home_comfort_2,5.0,219.99,1.0,0.0
category,home_comfort_2,4,2072d4792ab7893ddbfc178948e0eb86,home_comfort_2,5.0,109.99,1.0,0.0
category,home_comfort_2,5,4fb3bad6b502eaca3b6d7d87bc1613a4,home_comfort_2,5.0,59.9,1.0,0.0
category,home_confort,1,35afc973633aaeb6b877ff57b2793310,home_confort,3.8373,87.7872,165.0,0.1807
category,home_confort,2,c6bf8cc852eee5c4ab264e792a9c23a1,home_confort,4.4,18.77,10.0,0.0
category,home_confort,3,e2fcaac49de7a3a90f0dc74d7b1e9f10,home_confort,4.3333,245.6667,9.0,0.1111
category,home_confort,4,186052b3f166a0f7227e78b2d27652d3,home_confort,3.8889,154.4344,9.0,0.2222
category,home_confort,5,12fd8665371236b5b586ea4e448902c8,home_confort,3.2857,89.9,7.0,0.0
category,home_confort,6,91497eff4735d835057824111f9532b7,home_confort,3.0,49.9,7.0,0.0
category,home_confort,7,3a7553224e54d216c4a65c85f2d04deb,home_confort,2.6667,230.0,6.0,0.1667
category,home_confort,8,873417a13086036760bd9528d4d13d27,home_confort,5.0,29.0,5.0,0.0
category,home_confort,9,9477e72598d2f21dc53f809bd42cf7a2,home_confort,5.0,139.99,5.0,0.0
category,home_confort,10,94f584e1a1158e97314c59b190dfb899,home_confort,4.6,357.0,5.0,0.0
category,home_construction,1,a39cc58c1b5926b6f9f378daa89f1315,home_construction,4.1429,150.28,35.0,0.0857
category,home_construction,2,679a3e5e1d2bb68982be5734c6e55e63,home_construction,4.2414,54.4,29.0,0.2069
category,home_construction,3,10070e29929f7c7d609ee3201f236b8e,home_construction,4.6,95.7375,20.0,0.4
category,home_construction,4,71540d636652fc682032d3b3c0a180c1,home_construction,4.1,117.15,20.0,0.3
category,home_construction,5,3cce0d166c3fb2507956c630c1d0f87c,home_construction,3.5,93.2667,18.0,0.1111
category,home_construction,6,f8077831f3c3f393fb67b93c5acd8daf,home_construction,3.5,79.4,16.0,0.0625
category,home_construction,7,5ef700515181623872771a16d1371cd4,home_construction,4.2222,65.8889,9.0,0.1111
category,home_construction,8,ed464125465d8ab04c3615963d27395c,home_construction,3.2222,100.0889,9.0,0.1111
category,home_construction,9,6f0169f259bb0ff432bfff7d829b9946,home_construction,4.5,119.1,8.0,0.25
category,home_construction,10,787049a00ace087394d4183387405ee1,home_construction,4.25,39.125,8.0,0.25
category,housewares,1,42a2c92a0979a949ca4ea89ec5c7b934,housewares,4.0,59.3995,183.0,0.1639
category,housewares,2,5a6e53c3b4e8684b13388d6aa4afdf12,housewares,4.1644,16.3051,73.0,0.2192
category,housewares,3,f7a17d2c51d9df89a4f1711c4ac17f33,housewares,4.5323,52.027,63.0,0.2381
category,housewares,4,928e52a9ad53a294fdcc91bcf59d1751,housewares,3.5862,135.8333,60.0,0.1167
category,housewares,5,e9a69340883a438c3f91739d14d3a56d,housewares,4.0,166.6622,58.0,0.2069
category,housewares,6,d696750e550fd0f733979dd7e5dff921,housewares,4.5263,172.9449,57.0,0.1754
category,housewares,7,30ac6df06dc59ad72cf2f158fc2d904c,housewares,3.9444,113.8545,55.0,0.2727
category,housewares,8,4b96786612ebe7463132fce2c4dca136,housewares,4.2292,124.3367,49.0,0.0408
category,housewares,9,4aa6014eceb682077f9dc4bffebc05b0,housewares,4.3478,291.1853,47.0,0.2766
category,housewares,10,f8b624d4e475bb8d1bddf1b65c6a64f6,housewares,4.6905,179.0,42.0,0.1429
category,industry_commerce_and_business,1,d04bbac48960ecb7ea311b00ca6e1cb7,industry_commerce_and_business,4.275,104.7073,41.0,0.2195
category,industry_commerce_and_business,2,593236d0ff46b4299b4787fb8d43f7f0,industry_commerce_and_business,3.8889,74.1081,37.0,0.2973
category,industry_commerce_and_business,3,4cafc445fc7535c3b41b8978c0ce68dc,industry_commerce_and_business,4.4667,83.1133,15.0,0.4
category,industry_commerce_and_business,4,62177bb58dda374cc02e6cd2616996a1,industry_commerce_and_business,4.1667,115.8333,12.0,0.0833
category,industry_commerce_and_business,5,8e7a3ee016b12c87b5e3e7e717620758,industry_commerce_and_business,4.3636,120.9091,11.0,0.1818
category,industry_commerce_and_business,6,88e84a987b4681434dedc0bc9e00826b,industry_commerce_and_business,3.0,105.6,10.0,0.2
category,industry_commerce_and_business,7,8246b1e9198f46fc3c05900f43568ba6,industry_commerce_and_business,3.875,37.25,8.0,0.375
category,industry_commerce_and_business,8,f42229541a6335f3ed5268439ea9f414,industry_commerce_and_business,3.8571,78.0,7.0,0.0
category,industry_commerce_and_business,9,173255396ec907ab516d3848dbcc98da,industry_commerce_and_business,3.7143,109.7143,7.0,0.1429
category,industry_commerce_and_business,10,48401d4a555fd20aa93a202a4ed3b598,industry_commerce_and_business,5.0,108.3233,6.0,0.0
category,kitchen_dining_laundry_garden_furniture,1,c075b8e131353552218860f1c421e4ef,kitchen_dining_laundry_garden_furniture,4.6667,56.9357,28.0,0.25
category,kitchen_dining_laundry_garden_furniture,2,261244fc4d0197d8772346872f5b0f5e,kitchen_dining_laundry_garden_furniture,4.4762,40.6524,21.0,0.2381
category,kitchen_dining_laundry_garden_furniture,3,18f6ea7e8cff29f8053baac6762449f9,kitchen_dining_laundry_garden_furniture,3.9524,55.9476,21.0,0.1905
category,kitchen_dining_laundry_garden_furniture,4,79c0ace2ccf0da036e787875a49151a4,kitchen_dining_laundry_garden_furniture,4.0588,383.0588,17.0,0.2941
category,kitchen_dining_laundry_garden_furniture,5,bf5d132b4d30a18970b8ee7798725af1,kitchen_dining_laundry_garden_furniture,3.8182,140.0,11.0,0.0909
category,kitchen_dining_laundry_garden_furniture,6,3347f12bccb00487d0d9aec54dc1037d,kitchen_dining_laundry_garden_furniture,4.125,116.5,8.0,0.375
category,kitchen_dining_laundry_garden_furniture,7,a75b732b129c2fe3d8e371dd8333cd00,kitchen_dining_laundry_garden_furniture,4.2857,220.7857,7.0,0.1429
category,kitchen_dining_laundry_garden_furniture,8,9fef57f37ae72292952e73ff9a7a3fee,kitchen_dining_laundry_garden_furniture,4.1429,449.9,7.0,0.2857
category,kitchen_dining_laundry_garden_furniture,9,c3002d67c0b8c6449c3a80c1556ad8c5,kitchen_dining_laundry_garden_furniture,5.0,68.9,5.0,0.0
category,kitchen_dining_laundry_garden_furniture,10,6609d9a71a607da16750629d52615b9e,kitchen_dining_laundry_garden_furniture,3.8,23.3,5.0,0.0
category,la_cuisine,1,33900d427fa4bd3f509cdacda72e84a3,la_cuisine,2.3333,132.0,3.0,0.0
category,la_cuisine,2,2365562e74dd46f5e99cdc696c504cea,la_cuisine,5.0,108.5,2.0,0.0
category,la_cuisine,3,d29534bc8c74cd3d91e0f175a5c9b366,la_cuisine,5.0,137.0,2.0,0.0
category,la_cuisine,4,724c49c346d2979339d366fa59ce49de,la_cuisine,5.0,119.99,1.0,0.0
category,la_cuisine,5,775596b5ab8f1cb5890c7263c1c92bc4,la_cuisine,5.0,139.0,1.0,0.0
category,la_cuisine,6,b52e7c92200ed9874e77bc09b5ed4d40,la_cuisine,5.0,174.0,1.0,0.0
category,la_cuisine,7,cc9e875c2df286dbed83efe01191162c,la_cuisine,5.0,129.0,1.0,0.0
category,la_cuisine,8,ea9b0b855335919945731f9368f83dc9,la_cuisine,5.0,193.0,1.0,0.0
category,la_cuisine,9,0c800efe70e04ffcc3b266946e3e4826,la_cuisine,4.0,389.0,1.0,1.0
category,la_cuisine,10,e2dd0cb9b99517a86cbc9441cbb55348,la_cuisine,1.0,24.0,1.0,0.0
category,luggage_accessories,1,f71973c922ccaab05514a36a8bc741b8,luggage_accessories,4.2769,102.886,65.0,0.1692
category,luggage_accessories,2,af51d485dc5255ba2e18b21b550156e6,luggage_accessories,4.4,263.3329,55.0,0.2
category,luggage_accessories,3,c7b3cf9de7be95b3e09e7a63315685eb,luggage_accessories,4.5263,82.4132,38.0,0.2368
category,luggage_accessories,4,6109d0cae3bcb57d579bc0fab6e61814,luggage_accessories,4.6216,82.3276,37.0,0.2162
category,luggage_accessories,5,c92f0e7b9d49a9543558d6532772441b,luggage_accessories,4.1176,141.2389,36.0,0.2778
category,luggage_accessories,6,657247f6f60543b93e3cc708a8e6329c,luggage_accessories,3.9062,257.4275,32.0,0.1875
category,luggage_accessories,7,30ccf4724f5227265f837e9ba0246278,luggage_accessories,4.3214,90.7857,28.0,0.1786
category,luggage_accessories,8,3e4176d545618ed02f382a3057de32b4,luggage_accessories,4.9583,132.3796,24.0,0.0417
category,luggage_accessories,9,e7d26dd6742baca292020c158e6720c3,luggage_accessories,4.7083,55.0667,24.0,0.125
category,luggage_accessories,10,242edc6b84c00f0d48c664a020a92c52,luggage_accessories,4.5263,55.5316,19.0,0.2632
category,market_place,1,8d1cfc0463b545928bfb4e589e017bd4,market_place,3.75,62.8167,24.0,0.3333
category,market_place,2,9af7b4a3262141c12ba9bd489a8573c7,market_place,4.5,49.7571,14.0,0.2143
category,market_place,3,c5d8b84a90f73bd09c30e71e76caaa11,market_place,3.2143,81.3286,14.0,0.2143
category,market_place,4,b3cf0a98f31b76ed0cec13d9c77102c4,market_place,4.8462,27.93,13.0,0.1538
category,market_place,5,cf1d8e226162a1d0ad61f29b7ed72d82,market_place,4.2308,30.4615,13.0,0.4615
category,market_place,6,e9b3cf27d68caa64832c4a7c460abcb9,market_place,4.3333,160.075,12.0,0.3333
category,market_place,7,3215010238fcd9cab6ba7d2b81a6973d,market_place,3.1667,28.99,12.0,0.25
category,market_place,8,20518c6950587eb5e8f02dad2fa0d685,market_place,3.6667,111.3867,9.0,0.2222
category,market_place,9,3c794d260ad4b5f507a5d90df23523bf,market_place,4.75,24.9625,8.0,0.25
category,market_place,10,373c022e7383e108569b38098f3ed975,market_place,2.625,33.115,8.0,0.0
category,music,1,4befae07dba4384f6d8237ad1e7f8294,music,3.75,329.0,4.0,0.25
category,music,2,2848023ffcfb063bb7aa0d0c447bd116,music,4.3333,220.0,3.0,0.0
category,music,3,d655dc03de9b831ed22639631ab2958f,music,3.6667,24.97,3.0,0.0
category,music,4,def080e33b38a4c756347d4665b40a7f,music,5.0,299.0,2.0,0.0
category,music,5,e500a9395078ba5b59387db0dbee0063,music,5.0,9.9,2.0,0.0
category,music,6,2b250e4c796f4ce9da7ee0465bd1b574,music,4.5,51.48,2.0,0.5
category,music,7,5fb3ff04cc8ff9f140b028d867a6b0f4,music,4.0,220.0,2.0,1.0
category,music,8,0698b5407c0c472d66ff54f57f144812,music,5.0,10.99,1.0,0.0
category,music,9,06a2ab007679c70b21a1123749c09719,music,5.0,14.3,1.0,0.0
category,music,10,0eeeb45e2f5911fd44282e5bb0c624ff,music,5.0,3.85,1.0,0.0
category,musical_instruments,1,738da8ddda2e593acfdc53c2d1520dfa,musical_instruments,4.0909,75.2043,23.0,0.2174
category,musical_instruments,2,44e086c4a977f37a888627b43880586c,musical_instruments,4.3158,59.1053,19.0,0.2632
category,musical_instruments,3,a5bbc554f75cf4afa2cd56791015ec27,musical_instruments,4.3333,58.3333,18.0,0.1667
category,musical_instruments,4,9048cbd294fe0c1a3ec8c8248bc2cadd,musical_instruments,4.4667,73.3667,15.0,0.3333
category,musical_instruments,5,17a019676883dce326999c11a46a14f0,musical_instruments,4.9231,43.3815,13.0,0.0769
category,musical_instruments,6,16c4e87b98a9370a9cbc3a4658a3f45b,musical_instruments,4.3077,1925.6923,13.0,0.3846
category,musical_instruments,7,7bdb28a55646012fb3348058d629d9bc,musical_instruments,4.3077,59.9,13.0,0.3077
category,musical_instruments,8,4f1a7a45b6d43fa7e4958e013923d9e5,musical_instruments,4.6667,52.1467,12.0,0.1667
category,musical_instruments,9,9163c7e81fd68452472912c4cde810aa,musical_instruments,4.0,36.6567,12.0,0.0833
category,musical_instruments,10,b7a89537c40b1f5a18b5ba75dbb91cbe,musical_instruments,3.9,268.514,10.0,0.3
category,office_furniture,1,8ed094bfe076c568f6bb10feada3f75d,office_furniture,3.4348,184.9584,70.0,0.3714
category,office_furniture,2,a9516a079e37a9c9c36b9b78b10169e8,office_furniture,3.4237,119.3629,59.0,0.3898
category,office_furniture,3,3eef0cb94ba82de806bb30ab743c7655,office_furniture,3.1864,80.329,59.0,0.2373
category,office_furniture,4,aba86c093ccdbac75b09111d57e50004,office_furniture,3.9123,119.6351,57.0,0.4035
category,office_furniture,5,2a5806f10d0f00e5ad032dd2e3c8806e,office_furniture,3.2778,171.2991,55.0,0.2
category,office_furniture,6,b114bf337c0626166abe574eee9e3f32,office_furniture,3.2222,154.5926,54.0,0.2778
category,office_furniture,7,1bfb290d7273a442c874dbe74b4abae6,office_furniture,3.5435,77.2443,46.0,0.1739
category,office_furniture,8,2b7aa376a6e728560bddb5558cc48e89,office_furniture,3.6061,116.8991,33.0,0.3333
category,office_furniture,9,d6fe3b4ddecd4a8393c6a1385de3bfb6,office_furniture,3.2222,198.7152,31.0,0.0968
category,office_furniture,10,b92a7304ebad1ca5b393b53b2de5c70a,office_furniture,3.9667,141.2887,30.0,0.2667
category,party_supplies,1,4a7056788ce9287c76ade358f2e2572a,party_supplies,2.5,21.9,8.0,0.0
category,party_supplies,2,137464dece73fa2dbb54658dbc7aae58,party_supplies,4.4,68.3,5.0,0.0
category,party_supplies,3,99b4596b82b6f75d453160c9c75e01f4,party_supplies,5.0,257.6,3.0,0.0
category,party_supplies,4,90dbd461e405599ef4d208e19e472125,party_supplies,5.0,90.0,2.0,0.0
category,party_supplies,5,e583bb5fa3cb1e876a6ea48f21dfef34,party_supplies,4.5,22.5,2.0,0.5
category,party_supplies,6,157d8cabb7a3a318aed5ce596f4be96e,party_supplies,2.5,149.9,2.0,0.0
category,party_supplies,7,0fca2bf7fe83539c429a0357389333e7,party_supplies,1.0,134.9,2.0,0.0
category,party_supplies,8,1ca64333e21cc2921b28c702e3ad522b,party_supplies,5.0,16.9,1.0,0.0
category,party_supplies,9,258a6d1b2a8645981cf1f93803e5ae6a,party_supplies,5.0,16.9,1.0,0.0
category,party_supplies,10,361b81e3cae3b21bd0119793c5399717,party_supplies,5.0,109.0,1.0,0.0
category,perfumery,1,2028bf1b01cafb2d2b1901fca4083222,perfumery,4.2837,55.6204,138.0,0.1986
category,perfumery,2,595fac2a385ac33a80bd5114aec74eb8,perfumery,4.4057,119.216,106.0,0.1415
category,perfumery,3,617186c3d97ea56c9c683a8a3974e8c1,perfumery,4.3053,83.4111,95.0,0.1579
category,perfumery,4,75d6b6963340c6063f7f4cfcccfe6a30,perfumery,4.0968,56.861,93.0,0.1596
category,perfumery,5,ee0c1cf2fbeae95205b4aa506f1469f0,perfumery,4.0674,51.6642,89.0,0.1111
category,perfumery,6,473795a355d29305c3ea6b156833adf5,perfumery,4.2614,55.7409,88.0,0.1705
category,perfumery,7,bbaef2eadf31fe3ea6702077398be06c,perfumery,3.7969,56.99,65.0,0.1538
category,perfumery,8,fbc1488c1a1e72ba175f53ab29a248e8,perfumery,4.6207,118.4912,58.0,0.0862
category,perfumery,9,22c5ddc22ea8cae84fc9917def682dc6,perfumery,4.0769,57.1054,52.0,0.1923
category,perfumery,10,fe01b643060a6446e59f58e3021e66b3,perfumery,4.2826,140.4043,46.0,0.1739
category,pet_shop,1,a4aa7c1427c31344e5f7cc3d839fe562,pet_shop,4.381,101.881,42.0,0.0476
category,pet_shop,2,e1da6ab77f4859eb17950e5df1c0f815,pet_shop,3.7317,48.7293,41.0,0.3415
category,pet_shop,3,ca5c923962558430573f83661dbe36d6,pet_shop,4.4865,108.2162,37.0,0.2432
category,pet_shop,4,6adab229374835b551f6402e0dc53267,pet_shop,3.8065,49.2438,32.0,0.2188
category,pet_shop,5,e94df75b2e9a8b056be0c144a731f55c,pet_shop,4.5714,91.575,28.0,0.2143
category,pet_shop,6,ba80c9f47a84d1e08465f72e22930c83,pet_shop,4.0,117.285,24.0,0.1667
category,pet_shop,7,7ac0d3f8ac5b60c13d74b02b8cbb4623,pet_shop,3.913,115.5522,23.0,0.0435
category,pet_shop,8,0c71252f37443403376d2008034a7240,pet_shop,4.4545,109.8255,22.0,0.0909
category,pet_shop,9,fcf6ad274391aea29f5d6e5ef9da5050,pet_shop,4.4286,86.8238,21.0,0.1905
category,pet_shop,10,a5ae8400fc9fcacd4af585a57bbf264a,pet_shop,4.6,108.5,20.0,0.3
category,security_and_services,1,6c7a0a349ad11817745e3ad58abd5c79,security_and_services,4.0,183.29,1.0,1.0
category,security_and_services,2,8db75af9aed3315374db44d7860e25da,security_and_services,1.0,100.0,1.0,0.0
category,signaling_and_security,1,150c699262a053229e89213dc9c358d2,signaling_and_security,3.9,121.3636,11.0,0.1818
category,signaling_and_security,2,0c8b6b6e4f9ee5fe2c48d6cee4c69bc8,signaling_and_security,3.1111,106.0,9.0,0.1111
category,signaling_and_security,3,7d8e924f1da646ec896e1c0a80ef2f99,signaling_and_security,3.375,16.0,8.0,0.375
category,signaling_and_security,4,5d3b065e160c51e883cd7ef509a54176,signaling_and_security,5.0,5.5,6.0,0.0
category,signaling_and_security,5,bc3c6d2a621414f2e1df7a8a32a2828e,signaling_and_security,5.0,175.0,6.0,0.0
category,signaling_and_security,6,49e038a7b8ba2e18d9a7a26c1f238544,signaling_and_security,4.1667,133.0,6.0,0.5
category,signaling_and_security,7,fd40f3ef9c7fb9c550619a88af47a5de,signaling_and_security,4.1667,216.0,6.0,0.1667
category,signaling_and_security,8,b655ebf10fa7727c97d82cffcfe96ab9,signaling_and_security,5.0,9.5,5.0,0.0
category,signaling_and_security,9,eb883e95b710f252cb15d0fb41d8bbe9,signaling_and_security,4.8,105.0,5.0,0.2
category,signaling_and_security,10,87689c3ea34514e449355126a5fc299e,signaling_and_security,5.0,59.9,4.0,0.0
category,small_appliances,1,79366d6a24de9351b7ca6e3cf75a68ec,small_appliances,4.6538,193.0,26.0,0.2308
category,small_appliances,2,63d6e7ab30f482382c9dfbbccae7da54,small_appliances,4.6,83.384,20.0,0.1
category,small_appliances,3,44fc450365728c413fefc547592626be,small_appliances,3.3333,852.5333,15.0,0.2
category,small_appliances,4,a5e537da8376b8623758e0186bfa400f,small_appliances,4.4286,69.9,14.0,0.2857
category,small_appliances,5,d2bea3c01e172037caa99b2d138f39d0,small_appliances,4.5,20.6692,13.0,0.0714
category,small_appliances,6,b76364870c38ddd7dcc9dd9ab5abeeb4,small_appliances,4.0,47.6154,13.0,0.1538
category,small_appliances,7,cc2232dbef2c9fca23f4c7f6a19a42e3,small_appliances,4.0,16.8362,13.0,0.1538
category,small_appliances,8,2043cae78c8b731c405c7329a05154b2,small_appliances,3.6923,69.0,13.0,0.0769
category,small_appliances,9,db25a58a5da5dfe2fd19f2604491bd27,small_appliances,3.5385,50.1154,13.0,0.2308
category,small_appliances,10,1501b0033c68a37fa9560033a440e529,small_appliances,4.8333,48.4567,12.0,0.1667
category,small_appliances_home_oven_and_coffee,1,f49e985b4cb2d0543890d6dd00077663,small_appliances_home_oven_and_coffee,4.3684,767.8947,19.0,0.1053
category,small_appliances_home_oven_and_coffee,2,ff92ca9bb0b3f4ec00a9b76c9f68cb3a,small_appliances_home_oven_and_coffee,4.8571,876.0857,7.0,0.1429
category,small_appliances_home_oven_and_coffee,3,0433830caca22b01a0f477d31307b043,small_appliances_home_oven_and_coffee,4.2857,1884.7143,7.0,0.1429
category,small_appliances_home_oven_and_coffee,4,e5c50ee10712a01bfed9854a00502f8e,small_appliances_home_oven_and_coffee,4.25,583.0,4.0,0.0
category,small_appliances_home_oven_and_coffee,5,4608a449f45011c89095f36265e75ec3,small_appliances_home_oven_and_coffee,4.6667,98.0,3.0,0.3333
category,small_appliances_home_oven_and_coffee,6,514171f9d45a3d93574fc587ef775579,small_appliances_home_oven_and_coffee,3.6667,36.3633,3.0,0.0
category,small_appliances_home_oven_and_coffee,7,32bad49615b7c5da42609b98df97482c,small_appliances_home_oven_and_coffee,5.0,13.24,2.0,0.0
category,small_appliances_home_oven_and_coffee,8,58cda2faccdf7f8620e45b6a863efd3f,small_appliances_home_oven_and_coffee,5.0,148.0,2.0,0.0
category,small_appliances_home_oven_and_coffee,9,56e04ad5959e2c30a6754d9cc1f098f2,small_appliances_home_oven_and_coffee,4.5,38.6,2.0,0.5
category,small_appliances_home_oven_and_coffee,10,7b2a6e3216a405943fc9e3acbff18cae,small_appliances_home_oven_and_coffee,4.5,200.0,2.0,0.5
category,sports_leisure,1,c6336fa91fbd87c359e44f5dca5a90ed,sports_leisure,4.0109,43.7362,94.0,0.1809
category,sports_leisure,2,e44f675b60b3a3a2453ec36421e06f0f,sports_leisure,4.1358,106.5369,84.0,0.2143
category,sports_leisure,3,362b773250263786dd58670d2df42c3b,sports_leisure,2.9178,51.8178,73.0,0.2055
category,sports_leisure,4,d3c044bd42d84a79e3b0c42662806a48,sports_leisure,4.1111,28.0389,72.0,0.1389
category,sports_leisure,5,cec09725da5ed01471d9a505e7389d37,sports_leisure,3.9577,69.4775,71.0,0.1972
category,sports_leisure,6,11875b30b49585209e608f40e8082e65,sports_leisure,4.2941,65.603,66.0,0.1765
category,sports_leisure,7,44a34214a57dc373dcd80f54c919d006,sports_leisure,4.2258,29.5,63.0,0.381
category,sports_leisure,8,781afe929e3016a667f5f439afd55fce,sports_leisure,4.1525,108.7576,59.0,0.2034
category,sports_leisure,9,19421075ae0b585f2dc13ff149e2119d,sports_leisure,3.8621,47.2559,59.0,0.1525
category,sports_leisure,10,054515fd15bc1a2029f10de97ffa9120,sports_leisure,4.125,42.4286,56.0,0.2857
category,stationery,1,fb55982be901439613a95940feefd9ee,stationery,4.1605,80.7857,84.0,0.25
category,stationery,2,5411e9269501a870cabf632f05655131,stationery,4.44,118.8701,77.0,0.1558
category,stationery,3,e03102efbc2229024c89be731f0aedcb,stationery,4.1887,36.7943,53.0,0.2075
category,stationery,4,177d3d5bb9d4d29222a222e3b3554f41,stationery,4.0238,113.9238,42.0,0.2381
category,stationery,5,65266b2da20d04dbe00c5c2d3bb7859e,stationery,3.725,21.8,40.0,0.1
category,stationery,6,94475071013412139f862c0bd7e3bb37,stationery,4.3056,41.5428,36.0,0.3056
category,stationery,7,06f0e85c7892d5df893f332706340af1,stationery,4.0667,170.6667,30.0,0.4333
category,stationery,8,d189fbf8b5d79a670cebcaaad68d77b2,stationery,4.32,60.3,25.0,0.2
category,stationery,9,e84997d75938765ef99930f908ceedf4,stationery,4.625,126.7417,24.0,0.25
category,stationery,10,c706d50b57c9e83293c2586d01f32445,stationery,4.5652,49.99,23.0,0.2174
category,tablets_printing_image,1,6bbe55cf8f85c87b6eebb775a53402f4,tablets_printing_image,4.0606,76.4715,33.0,0.303
category,tablets_printing_image,2,34dabb8af33b3756cf72df05fb327011,tablets_printing_image,4.15,77.185,20.0,0.3
category,tablets_printing_image,3,2eb9b2ef7c1da3c7b99702452ea4729f,tablets_printing_image,4.2941,98.4647,17.0,0.1765
category,tablets_printing_image,4,3c46d3f68a377931cdadfd72c6158643,tablets_printing_image,5.0,104.9333,3.0,0.0
category,tablets_printing_image,5,301b4cdcb73666033d7c96fcb1fc758d,tablets_printing_image,4.5,145.3233,3.0,0.3333
category,tablets_printing_image,6,ab0a97f604550b5b5b99180a6dc04461,tablets_printing_image,4.0,14.9,3.0,0.3333
category,tablets_printing_image,7,96dbad46bf454d233b0d2adf108294a1,tablets_printing_image,1.5,35.9,2.0,0.0
category,tablets_printing_image,8,fa9d34c32a70b4e50a4c2c8c2c42051f,tablets_printing_image,5.0,29.99,1.0,0.0
category,tablets_printing_image,9,b29c1749f99da888ea322a01420d5220,tablets_printing_image,,889.99,1.0,0.0
category,telephony,1,e7cc48a9daff5436f63d3aad9426f28b,telephony,3.5269,174.3656,93.0,0.4516
category,telephony,2,c9c6fde711572c1ad99ca12728c6af00,telephony,4.1688,30.7495,79.0,0.2405
category,telephony,3,97017430754804328eb9597b7f85da03,telephony,4.1618,28.8306,69.0,0.1594
category,telephony,4,dab2413ead0edda9967edbc9bda2a64e,telephony,3.6418,29.9835,68.0,0.2647
category,telephony,5,8c5876b1c7768217964f353bc7e64393,telephony,4.3051,49.061,59.0,0.2542
category,telephony,6,afeeea6271148ee1bb15173b8187c431,telephony,4.4528,204.7947,53.0,0.3208
category,telephony,7,431d674f9a4fbd0957ecf6ba3fcb6899,telephony,4.3208,279.593,53.0,0.2642
category,telephony,8,4ae634441e444ca4bc85903cafe98d73,telephony,4.0962,15.4781,52.0,0.2308
category,telephony,9,c1f5307decb89342351bec53668cffd9,telephony,3.625,29.8858,48.0,0.2083
category,telephony,10,3b0f7951038b105522c2d566b54421f7,telephony,3.8667,32.6307,45.0,0.1333
category,toys,1,880be32f4db1d9f6e2bec38fb6ac23ab,toys,4.34,43.9739,99.0,0.12
category,toys,2,b5e13c9a353102f79c6206ff5cb61a50,toys,2.8667,85.8341,91.0,0.1538
category,toys,3,b623b7cb05ee3248fbe4a6ecbeed79a4,toys,3.7692,73.1292,66.0,0.1515
category,toys,4,7fab1a1472fdd934397068931f63f3ca,toys,4.0,70.6646,48.0,0.1875
category,toys,5,aa280035c50ba62c746480a59045eec4,toys,4.6304,35.5309,47.0,0.0851
category,toys,6,e9def91e99c8ecb7c5cef5e31506a056,toys,4.4186,72.2082,45.0,0.2
category,toys,7,7f72a8900b3d2fc8fa2635b7836d6e6e,toys,3.9778,73.8996,45.0,0.2222
category,toys,8,d5b703c271f43f9c588a6f512a00f77e,toys,4.5,34.8132,44.0,0.0682
category,toys,9,31a2f42a87890f87d77daebdfabc182e,toys,4.3333,146.4571,42.0,0.1905
category,toys,10,dc404a1496a08f9f5540c8b5d4b92925,toys,4.359,306.7026,39.0,0.1795
category,watches_gifts,1,53b36df67ebb7c41585e8d54d6772e08,watches_gifts,4.1906,116.6669,323.0,0.2012
category,watches_gifts,2,a62e25e09e05e6faf31d90c6ec1aa3d1,watches_gifts,3.8578,106.4204,226.0,0.1814
category,watches_gifts,3,e0d64dcfaa3b6db5c54ca298ae101d05,watches_gifts,3.7801,163.8496,194.0,0.1959
category,watches_gifts,4,a92930c327948861c015c919a0bcb4a8,watches_gifts,3.8526,77.9688,160.0,0.25
category,watches_gifts,5,461f43be3bdf8844e65b62d9ac2c7a5a,watches_gifts,3.986,141.0495,146.0,0.2055
category,watches_gifts,6,7a10781637204d8d10485c71a6108a2e,watches_gifts,4.0775,213.0594,143.0,0.1958
category,watches_gifts,7,d285360f29ac7fd97640bf0baef03de0,watches_gifts,3.7213,257.1041,123.0,0.0976
category,watches_gifts,8,6f3b5b605d91b7439c5e3f5a8dffeea7,watches_gifts,4.0948,162.4735,117.0,0.1368
category,watches_gifts,9,0a57f7d2c983bcf8188589a5fea4a8da,watches_gifts,3.5882,114.4923,104.0,0.125
category,watches_gifts,10,43423cdffde7fda63d0414ed38c11a73,watches_gifts,3.6196,62.1535,93.0,0.172
